-- phpMyAdmin SQL Dump
-- version 5.2.1-1.el8
-- https://www.phpmyadmin.net/
--
-- Хост: localhost
-- Время создания: Июл 16 2025 г., 01:40
-- Версия сервера: 8.0.36-cll-lve
-- Версия PHP: 7.2.24

SET SQL_MODE = "NO_AUTO_VALUE_ON_ZERO";
START TRANSACTION;
SET time_zone = "+00:00";


/*!40101 SET @OLD_CHARACTER_SET_CLIENT=@@CHARACTER_SET_CLIENT */;
/*!40101 SET @OLD_CHARACTER_SET_RESULTS=@@CHARACTER_SET_RESULTS */;
/*!40101 SET @OLD_COLLATION_CONNECTION=@@COLLATION_CONNECTION */;
/*!40101 SET NAMES utf8mb4 */;

--
-- База данных: `game`
--

-- --------------------------------------------------------

--
-- Структура таблицы `balance_history`
--

CREATE TABLE `balance_history` (
  `id` int NOT NULL,
  `user_id` int NOT NULL,
  `change_amount` int NOT NULL,
  `reason` varchar(255) NOT NULL,
  `time` timestamp NULL DEFAULT CURRENT_TIMESTAMP
) ENGINE=InnoDB DEFAULT CHARSET=utf8mb4 COLLATE=utf8mb4_0900_ai_ci;

--
-- Дамп данных таблицы `balance_history`
--

INSERT INTO `balance_history` (`id`, `user_id`, `change_amount`, `reason`, `time`) VALUES
(1, 1, -1000, 'Строительство базы', '2025-07-12 02:24:24'),
(2, 1, -1000, 'Строительство базы', '2025-07-12 02:24:24'),
(3, 1, -1000, 'Строительство базы', '2025-07-12 02:24:25'),
(4, 1, -1000, 'Строительство базы', '2025-07-12 02:24:26'),
(5, 1, 800, 'Продажа базы', '2025-07-12 02:24:40'),
(6, 1, 800, 'Продажа базы', '2025-07-12 02:24:44'),
(7, 1, 800, 'Продажа базы', '2025-07-12 02:24:53'),
(8, 1, -1000, 'Строительство базы', '2025-07-12 02:25:51'),
(9, 1, -1000, 'Строительство базы', '2025-07-12 02:25:51'),
(10, 1, -1000, 'Строительство базы', '2025-07-12 02:25:58'),
(11, 1, -1500, 'Строительство базы', '2025-07-12 02:26:04'),
(12, 1, -1000, 'Строительство базы', '2025-07-12 02:28:28'),
(13, 1, 800, 'Продажа базы', '2025-07-12 02:28:35'),
(14, 1, -1000, 'Строительство базы', '2025-07-12 02:29:45'),
(15, 5, -1000, 'Строительство базы', '2025-07-12 02:33:54'),
(16, 5, 800, 'Продажа базы', '2025-07-12 02:33:57'),
(17, 1, -1500, 'Строительство базы', '2025-07-12 02:37:35'),
(18, 5, -1500, 'Строительство базы', '2025-07-12 02:38:53'),
(19, 5, -1500, 'Строительство базы', '2025-07-12 02:39:03'),
(20, 5, -2000, 'Строительство базы', '2025-07-12 02:39:10'),
(21, 5, -2000, 'Строительство базы', '2025-07-12 02:39:26'),
(22, 5, -1500, 'Строительство базы', '2025-07-12 02:39:32'),
(23, 5, -1000, 'Строительство базы', '2025-07-12 02:39:40'),
(24, 5, -2000, 'Строительство базы', '2025-07-12 02:40:25'),
(25, 5, -2000, 'Строительство базы', '2025-07-12 02:41:20'),
(26, 5, -1500, 'Строительство базы', '2025-07-12 02:41:36'),
(27, 1, 1200, 'Продажа базы', '2025-07-12 02:43:54'),
(28, 1, -1000, 'Строительство базы', '2025-07-12 02:45:32'),
(29, 1, 800, 'Продажа базы', '2025-07-12 03:08:42'),
(30, 1, -1000, 'Строительство базы', '2025-07-12 03:09:04'),
(31, 1, 800, 'Продажа базы', '2025-07-12 03:09:10'),
(32, 1, -1000, 'Строительство базы', '2025-07-12 03:18:57'),
(33, 5, -2000, 'Строительство базы', '2025-07-12 03:28:53'),
(34, 5, -1500, 'Строительство базы', '2025-07-12 03:28:59'),
(35, 5, -1000, 'Строительство базы', '2025-07-12 03:29:05'),
(36, 5, -2000, 'Строительство базы', '2025-07-12 03:29:09'),
(37, 5, -2000, 'Строительство базы', '2025-07-12 03:29:16'),
(38, 5, -1500, 'Строительство базы', '2025-07-12 03:29:25'),
(39, 5, -1500, 'Строительство базы', '2025-07-12 03:29:50'),
(40, 5, -1500, 'Строительство базы', '2025-07-12 03:29:55'),
(41, 5, -2000, 'Строительство базы', '2025-07-12 03:30:07'),
(42, 1, -500, 'Покупка Патрульная машина', '2025-07-12 03:45:15'),
(43, 5, -900, 'Покупка Пожарная машина', '2025-07-12 03:47:28'),
(44, 5, -900, 'Покупка Пожарная машина', '2025-07-12 03:47:36'),
(45, 5, -700, 'Покупка Скорая помощь', '2025-07-12 03:47:56'),
(46, 5, -700, 'Покупка Скорая помощь', '2025-07-12 03:47:57'),
(47, 5, -500, 'Покупка Патрульная машина', '2025-07-12 04:08:11'),
(48, 5, -500, 'Покупка Патрульная машина', '2025-07-12 04:08:11'),
(49, 1, -2000, 'Строительство базы', '2025-07-12 05:10:05'),
(50, 1, -900, 'Покупка Пожарная машина', '2025-07-12 05:10:11'),
(51, 1, -900, 'Покупка Пожарная машина', '2025-07-12 07:10:25'),
(52, 1, -900, 'Покупка Пожарная машина', '2025-07-12 07:10:26'),
(53, 1, -500, 'Покупка Патрульная машина', '2025-07-12 07:10:31'),
(54, 1, -500, 'Покупка Патрульная машина', '2025-07-12 07:10:32'),
(55, 1, -1500, 'Строительство базы', '2025-07-12 07:10:38'),
(56, 1, -700, 'Покупка Скорая помощь', '2025-07-12 07:10:45'),
(57, 1, -700, 'Покупка Скорая помощь', '2025-07-12 07:10:46'),
(58, 1, -700, 'Покупка Скорая помощь', '2025-07-12 07:10:47'),
(59, 1, 800, 'Продажа базы', '2025-07-12 08:07:08'),
(60, 1, -1000, 'Строительство базы', '2025-07-12 08:07:19'),
(61, 1, -500, 'Покупка Патрульная машина', '2025-07-12 08:08:21'),
(62, 1, -500, 'Покупка Патрульная машина', '2025-07-12 08:08:21'),
(63, 1, -500, 'Покупка Патрульная машина', '2025-07-12 08:08:23'),
(64, 1, 800, 'Продажа базы', '2025-07-12 08:17:34'),
(65, 1, 1200, 'Продажа базы', '2025-07-12 08:17:44'),
(66, 1, -1000, 'Строительство базы', '2025-07-12 08:18:19'),
(67, 1, -1500, 'Строительство базы', '2025-07-12 08:18:21'),
(68, 1, -700, 'Покупка Скорая помощь', '2025-07-12 08:18:26'),
(69, 1, -700, 'Покупка Скорая помощь', '2025-07-12 08:18:26'),
(70, 1, -700, 'Покупка Скорая помощь', '2025-07-12 08:18:27'),
(71, 1, -500, 'Покупка Патрульная машина', '2025-07-12 08:18:30'),
(72, 1, -500, 'Покупка Патрульная машина', '2025-07-12 08:18:30'),
(73, 1, -500, 'Покупка Патрульная машина', '2025-07-12 08:18:31'),
(74, 1, -1000, 'Строительство базы', '2025-07-12 08:20:50'),
(75, 1, -500, 'Покупка Патрульная машина', '2025-07-12 08:20:52'),
(76, 1, 1600, 'Продажа базы', '2025-07-12 08:27:11'),
(77, 1, -2000, 'Строительство базы', '2025-07-12 08:27:36'),
(78, 1, -900, 'Покупка Пожарная машина', '2025-07-12 08:27:45'),
(79, 1, -900, 'Покупка Пожарная машина', '2025-07-12 08:27:46'),
(80, 1, -900, 'Покупка Пожарная машина', '2025-07-12 08:27:47'),
(81, 1, -1000, 'Строительство базы', '2025-07-12 08:30:00'),
(82, 1, 800, 'Продажа базы', '2025-07-12 08:30:17'),
(83, 1, -1000, 'Строительство базы', '2025-07-12 08:30:21'),
(84, 1, 800, 'Продажа базы', '2025-07-12 08:30:27'),
(85, 1, -1000, 'Строительство базы', '2025-07-12 08:35:53'),
(86, 1, -500, 'Покупка Патрульная машина', '2025-07-12 08:35:58'),
(87, 1, -500, 'Покупка Патрульная машина', '2025-07-12 08:35:58'),
(88, 1, -500, 'Покупка Патрульная машина', '2025-07-12 08:36:04'),
(89, 1, -1500, 'Строительство базы', '2025-07-12 08:36:08'),
(90, 1, -700, 'Покупка Скорая помощь', '2025-07-12 08:36:13'),
(91, 1, -700, 'Покупка Скорая помощь', '2025-07-12 08:36:13'),
(92, 1, -700, 'Покупка Скорая помощь', '2025-07-12 08:36:15'),
(93, 1, -2000, 'Строительство базы', '2025-07-12 08:36:36'),
(94, 1, -900, 'Покупка Пожарная машина', '2025-07-12 08:36:40'),
(95, 1, -1000, 'Строительство базы', '2025-07-12 08:39:37'),
(96, 1, -500, 'Покупка Патрульная машина', '2025-07-12 08:39:40'),
(97, 1, -500, 'Покупка Патрульная машина', '2025-07-12 08:39:41'),
(98, 1, -500, 'Покупка Патрульная машина', '2025-07-12 08:39:41'),
(99, 1, -1000, 'Строительство базы', '2025-07-12 08:40:05'),
(100, 1, -1000, 'Строительство базы', '2025-07-12 08:45:52'),
(101, 1, -1500, 'Строительство базы', '2025-07-12 08:52:35'),
(102, 1, -2000, 'Строительство базы', '2025-07-12 08:52:37'),
(103, 1, -700, 'Покупка Скорая помощь', '2025-07-12 08:52:52'),
(104, 1, -700, 'Покупка Скорая помощь', '2025-07-12 08:52:53'),
(105, 1, -700, 'Покупка Скорая помощь', '2025-07-12 08:52:55'),
(106, 1, -900, 'Покупка Пожарная машина', '2025-07-12 08:52:57'),
(107, 1, -900, 'Покупка Пожарная машина', '2025-07-12 08:52:58'),
(108, 1, -900, 'Покупка Пожарная машина', '2025-07-12 08:52:58'),
(109, 1, -1000, 'Строительство базы', '2025-07-12 08:55:20'),
(110, 1, -1500, 'Строительство базы', '2025-07-12 08:55:31'),
(111, 1, -500, 'Покупка Патрульная машина', '2025-07-12 08:55:34'),
(112, 1, -700, 'Покупка Скорая помощь', '2025-07-12 08:55:37'),
(113, 1, -1000, 'Строительство базы', '2025-07-12 09:07:13'),
(114, 1, -1500, 'Строительство базы', '2025-07-12 09:07:19'),
(115, 1, -2000, 'Строительство базы', '2025-07-12 09:07:21'),
(116, 1, -1000, 'Строительство базы', '2025-07-12 09:07:25'),
(117, 1, -1000, 'Строительство базы', '2025-07-12 09:07:27'),
(118, 1, -2000, 'Строительство базы', '2025-07-12 09:07:30'),
(119, 1, -500, 'Покупка Патрульная машина', '2025-07-12 09:07:36'),
(120, 1, -500, 'Покупка Патрульная машина', '2025-07-12 09:07:36'),
(121, 1, -500, 'Покупка Патрульная машина', '2025-07-12 09:07:36'),
(122, 1, -500, 'Покупка Патрульная машина', '2025-07-12 09:07:39'),
(123, 1, -500, 'Покупка Патрульная машина', '2025-07-12 09:07:39'),
(124, 1, -500, 'Покупка Патрульная машина', '2025-07-12 09:07:39'),
(125, 1, -900, 'Покупка Пожарная машина', '2025-07-12 09:07:42'),
(126, 1, -900, 'Покупка Пожарная машина', '2025-07-12 09:07:43'),
(127, 1, -900, 'Покупка Пожарная машина', '2025-07-12 09:07:44'),
(128, 1, -900, 'Покупка Пожарная машина', '2025-07-12 09:07:47'),
(129, 1, -900, 'Покупка Пожарная машина', '2025-07-12 09:07:47'),
(130, 1, -1000, 'Строительство базы', '2025-07-12 09:13:36'),
(131, 1, -1500, 'Строительство базы', '2025-07-12 09:13:40'),
(132, 1, -2000, 'Строительство базы', '2025-07-12 09:13:43'),
(133, 1, -500, 'Покупка Патрульная машина', '2025-07-12 09:13:46'),
(134, 1, -500, 'Покупка Патрульная машина', '2025-07-12 09:13:47'),
(135, 1, -500, 'Покупка Патрульная машина', '2025-07-12 09:13:48'),
(136, 1, -700, 'Покупка Скорая помощь', '2025-07-12 09:13:50'),
(137, 1, -700, 'Покупка Скорая помощь', '2025-07-12 09:13:50'),
(138, 1, -700, 'Покупка Скорая помощь', '2025-07-12 09:13:50'),
(139, 1, -900, 'Покупка Пожарная машина', '2025-07-12 09:13:53'),
(140, 1, -900, 'Покупка Пожарная машина', '2025-07-12 09:13:53'),
(141, 1, -900, 'Покупка Пожарная машина', '2025-07-12 09:13:54'),
(142, 1, 800, 'Продажа базы', '2025-07-12 17:17:31'),
(143, 1, -1000, 'Строительство базы', '2025-07-12 17:17:38'),
(144, 1, -500, 'Покупка Патрульная машина', '2025-07-12 17:17:42'),
(145, 1, -500, 'Покупка Патрульная машина', '2025-07-12 17:17:43'),
(146, 1, -500, 'Покупка Патрульная машина', '2025-07-12 17:17:44'),
(147, 1, 800, 'Продажа базы', '2025-07-12 17:26:31'),
(148, 1, 1600, 'Продажа базы', '2025-07-12 17:26:38'),
(149, 5, 1200, 'Продажа базы', '2025-07-12 17:27:41'),
(150, 5, -1500, 'Строительство базы', '2025-07-12 17:27:51'),
(151, 5, -700, 'Покупка Скорая помощь', '2025-07-12 17:27:56'),
(152, 5, -700, 'Покупка Скорая помощь', '2025-07-12 17:27:57'),
(153, 5, -900, 'Покупка Пожарная машина', '2025-07-12 17:28:04'),
(154, 5, -900, 'Покупка Пожарная машина', '2025-07-12 17:28:04'),
(155, 5, -900, 'Покупка Пожарная машина', '2025-07-12 17:28:04'),
(156, 5, -900, 'Покупка Пожарная машина', '2025-07-12 17:28:04'),
(157, 5, -900, 'Покупка Пожарная машина', '2025-07-12 17:28:04'),
(158, 5, -900, 'Покупка Пожарная машина', '2025-07-12 17:28:04'),
(159, 5, -900, 'Покупка Пожарная машина', '2025-07-12 17:28:04'),
(160, 5, -700, 'Покупка Скорая помощь', '2025-07-12 17:28:43'),
(161, 5, -700, 'Покупка Скорая помощь', '2025-07-12 17:28:43'),
(162, 5, -700, 'Покупка Скорая помощь', '2025-07-12 17:28:43'),
(163, 5, -700, 'Покупка Скорая помощь', '2025-07-12 17:28:43'),
(164, 1, -1000, 'Строительство базы', '2025-07-12 17:29:04'),
(165, 1, -500, 'Покупка Патрульная машина', '2025-07-12 17:29:07'),
(166, 1, -500, 'Покупка Патрульная машина', '2025-07-12 17:29:07'),
(167, 1, -500, 'Покупка Патрульная машина', '2025-07-12 17:29:07'),
(168, 5, -900, 'Покупка Пожарная машина', '2025-07-12 17:29:26'),
(169, 5, -900, 'Покупка Пожарная машина', '2025-07-12 17:29:26'),
(170, 5, -900, 'Покупка Пожарная машина', '2025-07-12 17:29:27'),
(171, 5, -900, 'Покупка Пожарная машина', '2025-07-12 17:29:27'),
(172, 1, -1500, 'Строительство базы', '2025-07-12 17:29:53'),
(173, 1, -700, 'Покупка Скорая помощь', '2025-07-12 17:29:55'),
(174, 1, -700, 'Покупка Скорая помощь', '2025-07-12 17:29:56'),
(175, 1, -700, 'Покупка Скорая помощь', '2025-07-12 17:29:56'),
(176, 1, -700, 'Покупка Скорая помощь', '2025-07-12 17:29:56'),
(177, 5, -700, 'Покупка Скорая помощь', '2025-07-12 17:31:11'),
(178, 5, -700, 'Покупка Скорая помощь', '2025-07-12 17:31:11'),
(179, 5, -700, 'Покупка Скорая помощь', '2025-07-12 17:31:11'),
(180, 5, -700, 'Покупка Скорая помощь', '2025-07-12 17:31:11'),
(181, 5, -700, 'Покупка Скорая помощь', '2025-07-12 17:31:11'),
(182, 1, 800, 'Продажа базы', '2025-07-12 18:03:45'),
(183, 1, 1200, 'Продажа базы', '2025-07-12 18:10:09'),
(184, 1, -1000, 'Строительство базы', '2025-07-12 18:10:50'),
(185, 1, -500, 'Покупка Патрульная машина', '2025-07-12 18:10:53'),
(186, 1, -500, 'Покупка Патрульная машина', '2025-07-12 18:10:54'),
(187, 1, -500, 'Покупка Патрульная машина', '2025-07-12 18:10:55'),
(188, 1, 800, 'Продажа базы', '2025-07-12 18:11:04'),
(189, 1, -1000, 'Строительство базы', '2025-07-12 18:11:14'),
(190, 1, -500, 'Покупка Патрульная машина', '2025-07-12 18:11:19'),
(191, 1, -500, 'Покупка Патрульная машина', '2025-07-12 18:11:20'),
(192, 1, -500, 'Покупка Патрульная машина', '2025-07-12 18:11:21'),
(193, 1, 1200, 'Продажа базы', '2025-07-12 18:11:36'),
(194, 1, -1000, 'Строительство базы', '2025-07-12 18:18:18'),
(195, 1, -1500, 'Строительство базы', '2025-07-12 18:18:22'),
(196, 1, -2000, 'Строительство базы', '2025-07-12 18:18:24'),
(197, 1, -500, 'Покупка Патрульная машина', '2025-07-12 18:18:33'),
(198, 1, -500, 'Покупка Патрульная машина', '2025-07-12 18:18:33'),
(199, 1, -500, 'Покупка Патрульная машина', '2025-07-12 18:18:34'),
(200, 1, -700, 'Покупка Скорая помощь', '2025-07-12 18:18:36'),
(201, 1, -700, 'Покупка Скорая помощь', '2025-07-12 18:18:37'),
(202, 1, -700, 'Покупка Скорая помощь', '2025-07-12 18:18:37'),
(203, 1, -700, 'Покупка Скорая помощь', '2025-07-12 18:18:37'),
(204, 1, -900, 'Покупка Пожарная машина', '2025-07-12 18:18:40'),
(205, 1, -900, 'Покупка Пожарная машина', '2025-07-12 18:18:40'),
(206, 1, -900, 'Покупка Пожарная машина', '2025-07-12 18:18:40'),
(207, 1, 1200, 'Продажа базы', '2025-07-12 18:20:48'),
(208, 5, -700, 'Покупка Скорая помощь', '2025-07-12 18:47:30'),
(209, 5, -500, 'Покупка Патрульная машина', '2025-07-12 18:47:58'),
(210, 1, 800, 'Продажа базы', '2025-07-12 18:51:20'),
(211, 1, 1600, 'Продажа базы', '2025-07-12 18:51:26'),
(212, 1, 800, 'Продажа базы', '2025-07-12 18:56:09'),
(213, 1, -1000, 'Строительство базы', '2025-07-12 18:57:31'),
(214, 1, -500, 'Покупка Патрульная машина', '2025-07-12 18:57:34'),
(215, 5, 800, 'Продажа базы', '2025-07-12 19:00:20'),
(216, 1, 800, 'Продажа базы', '2025-07-12 19:10:07'),
(217, 5, -900, 'Покупка Пожарная машина', '2025-07-12 19:15:14'),
(218, 7, -1000, 'Строительство базы', '2025-07-12 19:22:24'),
(219, 7, -500, 'Покупка Патрульная машина', '2025-07-12 19:22:31'),
(220, 7, -500, 'Покупка Патрульная машина', '2025-07-12 19:22:42'),
(221, 7, -500, 'Покупка Патрульная машина', '2025-07-12 19:22:43'),
(222, 1, -1000, 'Строительство здания', '2025-07-12 19:58:59'),
(223, 1, -2500, 'Строительство здания', '2025-07-12 19:59:07'),
(224, 5, -1000, 'Строительство здания', '2025-07-12 20:05:53'),
(225, 5, -2500, 'Строительство здания', '2025-07-12 20:11:19'),
(226, 5, -500, 'Покупка Патрульная машина', '2025-07-12 20:12:45'),
(227, 5, -500, 'Покупка Патрульная машина', '2025-07-12 20:12:45'),
(228, 5, -500, 'Покупка Патрульная машина', '2025-07-12 20:12:46'),
(229, 5, -500, 'Покупка Патрульная машина', '2025-07-12 20:12:46'),
(230, 5, -500, 'Покупка Патрульная машина', '2025-07-12 20:12:48'),
(231, 5, -500, 'Покупка Патрульная машина', '2025-07-12 20:12:49'),
(232, 5, -500, 'Покупка Патрульная машина', '2025-07-12 20:12:49'),
(233, 5, -500, 'Покупка Патрульная машина', '2025-07-12 20:12:50'),
(234, 5, -500, 'Покупка Патрульная машина', '2025-07-12 20:12:50'),
(235, 1, 2000, 'Продажа здания', '2025-07-12 20:14:49'),
(236, 1, 2000, 'Продажа здания', '2025-07-12 20:17:52'),
(237, 1, 2000, 'Продажа здания', '2025-07-12 20:20:52'),
(238, 1, -2500, 'Строительство здания', '2025-07-12 20:31:22'),
(239, 5, -2500, 'Строительство здания', '2025-07-12 20:40:19'),
(240, 5, 2000, 'Продажа здания', '2025-07-12 20:42:45'),
(241, 1, -2500, 'Строительство здания', '2025-07-12 21:20:04'),
(242, 1, -2500, 'Строительство здания', '2025-07-12 21:34:22'),
(243, 1, -1000, 'Строительство здания', '2025-07-12 21:38:09'),
(244, 1, 800, 'Продажа здания', '2025-07-12 21:56:15'),
(245, 1, 2000, 'Продажа здания', '2025-07-12 21:56:17'),
(246, 1, 2000, 'Продажа здания', '2025-07-12 21:56:18'),
(247, 1, 800, 'Продажа здания', '2025-07-12 21:56:19'),
(248, 1, 2000, 'Продажа здания', '2025-07-12 21:56:21'),
(249, 1, -2500, 'Строительство здания', '2025-07-12 21:56:31'),
(250, 1, -1000, 'Строительство здания', '2025-07-12 21:56:35'),
(251, 1, -1500, 'Строительство здания', '2025-07-12 21:59:58'),
(252, 1, -1500, 'Строительство здания', '2025-07-12 22:00:04'),
(253, 1, -1000, 'Строительство здания', '2025-07-12 22:00:07'),
(254, 5, -1000, 'Строительство здания', '2025-07-12 22:00:36'),
(255, 5, 800, 'Продажа здания', '2025-07-12 22:00:41'),
(256, 5, -1000, 'Строительство здания', '2025-07-12 22:00:43'),
(257, 1, 800, 'Продажа здания', '2025-07-12 22:01:27'),
(258, 1, -1000, 'Строительство здания', '2025-07-12 22:01:30'),
(259, 1, -1000, 'Строительство здания', '2025-07-12 22:01:51'),
(260, 1, 800, 'Продажа здания', '2025-07-12 22:01:54'),
(261, 1, -1000, 'Строительство здания', '2025-07-12 22:01:59'),
(262, 5, -2500, 'Строительство здания', '2025-07-12 22:04:13'),
(263, 5, 800, 'Продажа здания', '2025-07-12 22:08:04'),
(264, 1, -1000, 'Строительство здания', '2025-07-13 00:01:10'),
(265, 1, -500, 'Покупка Патрульная машина', '2025-07-13 00:14:24'),
(266, 1, -500, 'Покупка Патрульная машина', '2025-07-13 00:14:24'),
(267, 1, -500, 'Покупка Патрульная машина', '2025-07-13 00:14:26'),
(268, 1, -500, 'Покупка Патрульная машина', '2025-07-13 00:14:28'),
(269, 1, -500, 'Покупка Патрульная машина', '2025-07-13 00:14:28'),
(270, 1, -500, 'Покупка Патрульная машина', '2025-07-13 00:14:29'),
(271, 1, -500, 'Покупка Патрульная машина', '2025-07-13 00:14:29'),
(272, 1, -2500, 'Строительство здания', '2025-07-13 00:31:18'),
(273, 1, -2500, 'Строительство здания', '2025-07-13 00:35:49'),
(274, 1, 2000, 'Продажа здания', '2025-07-13 00:47:38'),
(275, 1, 2000, 'Продажа здания', '2025-07-13 00:47:40'),
(276, 1, 2000, 'Продажа здания', '2025-07-13 00:47:42'),
(277, 1, -2500, 'Строительство здания', '2025-07-13 00:47:45'),
(278, 1, -2500, 'Строительство здания', '2025-07-13 00:49:08'),
(279, 1, 2000, 'Продажа здания', '2025-07-13 01:50:41'),
(280, 1, -1000, 'Строительство здания', '2025-07-13 01:52:29'),
(281, 1, -1000, 'Строительство здания', '2025-07-13 01:52:34'),
(282, 1, 800, 'Продажа здания', '2025-07-13 01:52:41'),
(283, 1, -1000, 'Строительство здания', '2025-07-13 01:52:45'),
(284, 1, 800, 'Продажа здания', '2025-07-13 01:53:10'),
(285, 1, 800, 'Продажа здания', '2025-07-13 01:53:12'),
(286, 1, 800, 'Продажа здания', '2025-07-13 01:53:14'),
(287, 1, 800, 'Продажа здания', '2025-07-13 01:53:16'),
(288, 1, 800, 'Продажа здания', '2025-07-13 01:53:19'),
(289, 1, 800, 'Продажа здания', '2025-07-13 01:53:21'),
(290, 1, -2500, 'Строительство здания', '2025-07-13 03:15:20'),
(291, 1, -1000, 'Строительство здания', '2025-07-13 03:33:33'),
(292, 1, -500, 'Покупка Патрульная машина', '2025-07-13 03:34:00'),
(293, 1, -500, 'Покупка Патрульная машина', '2025-07-13 03:34:04'),
(294, 1, -500, 'Покупка Патрульная машина', '2025-07-13 03:34:04'),
(295, 1, -700, 'Покупка Скорая помощь', '2025-07-13 03:34:10'),
(296, 1, -700, 'Покупка Скорая помощь', '2025-07-13 03:34:10'),
(297, 1, -700, 'Покупка Скорая помощь', '2025-07-13 03:34:11'),
(298, 1, -700, 'Покупка Скорая помощь', '2025-07-13 03:34:11'),
(299, 1, -700, 'Покупка Скорая помощь', '2025-07-13 03:34:15'),
(300, 1, -700, 'Покупка Скорая помощь', '2025-07-13 03:34:15'),
(301, 1, -700, 'Покупка Скорая помощь', '2025-07-13 03:34:15'),
(302, 1, -700, 'Покупка Скорая помощь', '2025-07-13 03:34:15'),
(303, 1, 1200, 'Продажа здания', '2025-07-13 04:07:12'),
(304, 1, 800, 'Продажа здания', '2025-07-13 04:07:14'),
(305, 1, 1200, 'Продажа здания', '2025-07-13 04:07:17'),
(306, 1, -1000, 'Строительство здания', '2025-07-13 04:27:23'),
(307, 1, -500, 'Покупка Патрульная машина', '2025-07-13 04:27:28'),
(308, 1, 400, 'Продажа Патрульная машина', '2025-07-13 04:27:49'),
(309, 1, -500, 'Покупка Патрульная машина', '2025-07-13 04:27:51'),
(310, 1, -500, 'Покупка Патрульная машина', '2025-07-13 04:27:51'),
(311, 1, 400, 'Продажа Патрульная машина', '2025-07-13 04:27:52'),
(312, 1, 400, 'Продажа Патрульная машина', '2025-07-13 04:27:59'),
(313, 1, -500, 'Покупка Патрульная машина', '2025-07-13 04:28:57'),
(314, 1, -1500, 'Строительство здания', '2025-07-13 04:43:25'),
(315, 1, -700, 'Покупка Скорая помощь', '2025-07-13 04:43:29'),
(316, 1, -500, 'Покупка Патрульная машина', '2025-07-13 04:43:43'),
(317, 1, -700, 'Покупка Скорая помощь', '2025-07-13 04:43:56'),
(318, 1, -2000, 'Строительство здания', '2025-07-13 04:44:10'),
(319, 1, -900, 'Покупка Пожарная машина', '2025-07-13 04:44:13'),
(320, 1, -900, 'Покупка Пожарная машина', '2025-07-13 04:44:14'),
(321, 1, -900, 'Покупка Пожарная машина', '2025-07-13 04:44:14'),
(322, 1, -700, 'Покупка Скорая помощь', '2025-07-13 04:44:33'),
(323, 1, -500, 'Покупка Патрульная машина', '2025-07-13 04:45:12'),
(324, 1, 720, 'Продажа Пожарная машина', '2025-07-13 04:45:54'),
(325, 1, -900, 'Покупка Пожарная машина', '2025-07-13 04:45:55'),
(326, 1, 720, 'Продажа Пожарная машина', '2025-07-13 04:46:04'),
(327, 1, -1100, 'Покупка Автолестница', '2025-07-13 04:46:07'),
(328, 1, -1000, 'Покупка Цистерна', '2025-07-13 04:46:22'),
(329, 1, -500, 'Покупка Патрульная машина', '2025-07-13 04:46:33'),
(330, 1, -800, 'Покупка Спецназ', '2025-07-13 04:46:37'),
(331, 1, -900, 'Покупка Пожарная машина', '2025-07-13 05:57:23'),
(332, 1, -900, 'Покупка Пожарная машина', '2025-07-13 05:57:30'),
(333, 7, -2500, 'Строительство здания', '2025-07-13 12:14:55'),
(334, 7, -1500, 'Строительство здания', '2025-07-13 12:16:10'),
(335, 7, -2000, 'Строительство здания', '2025-07-13 12:16:13'),
(336, 10, -2500, 'Строительство здания', '2025-07-13 12:21:08'),
(337, 10, -2000, 'Строительство здания', '2025-07-13 12:22:04'),
(338, 10, -1000, 'Строительство здания', '2025-07-13 12:22:08'),
(339, 10, -1500, 'Строительство здания', '2025-07-13 12:22:12'),
(340, 1, 720, 'Продажа Пожарная машина', '2025-07-13 14:28:03'),
(341, 1, 720, 'Продажа Пожарная машина', '2025-07-13 14:28:04'),
(342, 1, 880, 'Продажа Автолестница', '2025-07-13 14:28:04'),
(343, 1, -900, 'Покупка ПСА', '2025-07-13 14:28:07'),
(344, 1, -900, 'Покупка ПСА', '2025-07-13 14:28:12'),
(345, 1, -1000, 'Покупка АЦ', '2025-07-13 14:28:15'),
(346, 1, 1200, 'Продажа здания', '2025-07-13 14:52:44'),
(347, 1, 800, 'Продажа Цистерна', '2025-07-13 14:52:57'),
(348, 1, 720, 'Продажа Пожарная машина', '2025-07-13 14:52:58'),
(349, 1, 720, 'Продажа Пожарная машина', '2025-07-13 14:52:59'),
(350, 1, 720, 'Продажа ПСА', '2025-07-13 14:53:04'),
(351, 1, 720, 'Продажа ПСА', '2025-07-13 14:53:04'),
(352, 1, 720, 'Продажа ПСА', '2025-07-13 14:53:04'),
(353, 1, 800, 'Продажа АЦ', '2025-07-13 14:53:04'),
(354, 1, 800, 'Продажа АЦ', '2025-07-13 14:53:06'),
(355, 1, 400, 'Продажа Патрульная машина', '2025-07-13 14:53:09'),
(356, 1, 400, 'Продажа Патрульная машина', '2025-07-13 14:53:10'),
(357, 1, 400, 'Продажа Патрульная машина', '2025-07-13 14:53:11'),
(358, 1, 400, 'Продажа Патрульная машина', '2025-07-13 14:53:11'),
(359, 1, 640, 'Продажа Спецназ', '2025-07-13 14:53:12'),
(360, 1, -900, 'Покупка ПСА', '2025-07-13 14:53:22'),
(361, 1, -1100, 'Покупка АЛ', '2025-07-13 14:53:26'),
(362, 1, -1000, 'Покупка АЦ', '2025-07-13 14:53:28'),
(363, 1, -1200, 'Покупка АП', '2025-07-13 14:53:29'),
(364, 1, -1300, 'Покупка СПТ', '2025-07-13 14:53:31'),
(365, 1, -1100, 'Покупка АГ', '2025-07-13 14:53:32'),
(366, 1, -200, 'ТО ПСА', '2025-07-13 15:36:24'),
(367, 1, -200, 'ТО АЛ', '2025-07-13 15:36:26'),
(368, 1, -1500, 'Строительство здания', '2025-07-13 15:53:23'),
(369, 1, -700, 'Покупка СМП', '2025-07-13 15:53:30'),
(370, 1, -500, 'Покупка ППС', '2025-07-13 15:58:28'),
(371, 5, -2500, 'Строительство здания', '2025-07-13 16:48:36'),
(372, 5, -2000, 'Строительство здания', '2025-07-13 16:49:23'),
(373, 5, -900, 'Покупка ПСА', '2025-07-13 16:50:26'),
(374, 5, -200, 'ТО ПСА', '2025-07-13 16:51:10'),
(375, 5, -1100, 'Покупка АЛ', '2025-07-13 16:51:18'),
(376, 5, -1000, 'Покупка АЦ', '2025-07-13 16:51:19'),
(377, 5, -1200, 'Покупка АП', '2025-07-13 16:51:21'),
(378, 5, -1300, 'Покупка СПТ', '2025-07-13 16:51:22'),
(379, 5, -1100, 'Покупка АГ', '2025-07-13 16:51:23'),
(380, 5, -1500, 'Строительство здания', '2025-07-13 16:51:36'),
(381, 5, -700, 'Покупка СМП', '2025-07-13 16:51:44'),
(382, 5, -900, 'Покупка Реанимобиль', '2025-07-13 16:51:46'),
(383, 5, -750, 'Покупка ПСП', '2025-07-13 16:51:47'),
(384, 5, -800, 'Покупка МСП', '2025-07-13 16:51:55'),
(385, 5, -1000, 'Строительство здания', '2025-07-13 16:52:04'),
(386, 5, -500, 'Покупка ППС', '2025-07-13 16:52:21'),
(387, 5, -550, 'Покупка ДПС', '2025-07-13 16:52:22'),
(388, 5, -800, 'Покупка Спецназ', '2025-07-13 16:52:23'),
(389, 5, -600, 'Покупка Кинолог', '2025-07-13 16:52:24'),
(390, 1, -2500, 'Строительство здания', '2025-07-13 16:58:15'),
(391, 1, -1000, 'Строительство здания', '2025-07-13 16:58:19'),
(392, 1, -500, 'Покупка ППС', '2025-07-13 16:58:25'),
(393, 1, -550, 'Покупка ДПС', '2025-07-13 16:58:28'),
(394, 1, -800, 'Покупка Спецназ', '2025-07-13 16:58:29'),
(395, 1, -2000, 'Строительство здания', '2025-07-13 17:15:31'),
(396, 1, -900, 'Покупка ПСА', '2025-07-13 17:15:36'),
(397, 1, -2500, 'Строительство здания', '2025-07-13 17:16:48'),
(398, 1, -1000, 'Строительство здания', '2025-07-13 17:16:51'),
(399, 1, -1500, 'Строительство здания', '2025-07-13 17:16:53'),
(400, 1, -2000, 'Строительство здания', '2025-07-13 17:16:55'),
(401, 1, -550, 'Покупка ДПС', '2025-07-13 17:17:03'),
(402, 1, -500, 'Покупка ППС', '2025-07-13 17:17:03'),
(403, 1, -800, 'Покупка Спецназ', '2025-07-13 17:17:06'),
(404, 1, -900, 'Покупка ПСА', '2025-07-13 17:17:13'),
(405, 1, 640, 'Продажа Спецназ', '2025-07-13 17:22:31'),
(406, 1, -700, 'Покупка СМП', '2025-07-13 17:22:48'),
(407, 1, -1000, 'Улучшение гаража Больница #1', '2025-07-13 18:36:16'),
(408, 1, -2000, 'Улучшение гаража Больница #1', '2025-07-13 18:36:18'),
(409, 1, -3000, 'Улучшение гаража Больница #1', '2025-07-13 18:36:21'),
(410, 1, -4000, 'Улучшение гаража Больница #1', '2025-07-13 18:36:21'),
(411, 1, -5000, 'Улучшение гаража Больница #1', '2025-07-13 18:36:22'),
(412, 1, -6000, 'Улучшение гаража Больница #1', '2025-07-13 18:36:22'),
(413, 1, -7000, 'Улучшение гаража Больница #1', '2025-07-13 18:36:22'),
(414, 1, -8000, 'Улучшение гаража Больница #1', '2025-07-13 18:36:23'),
(415, 1, -9000, 'Улучшение гаража Больница #1', '2025-07-13 18:36:23'),
(416, 1, -10000, 'Улучшение гаража Больница #1', '2025-07-13 18:36:24'),
(417, 1, -11000, 'Улучшение гаража Больница #1', '2025-07-13 18:36:25'),
(418, 1, -12000, 'Улучшение гаража Больница #1', '2025-07-13 18:36:25'),
(419, 1, -13000, 'Улучшение гаража Больница #1', '2025-07-13 18:36:26'),
(420, 1, -14000, 'Улучшение гаража Больница #1', '2025-07-13 18:36:26'),
(421, 1, -50, 'ТО всех машин Больница #1', '2025-07-13 18:36:29'),
(422, 1, -50, 'ТО СМП', '2025-07-13 18:36:31'),
(423, 1, -50, 'ТО СМП', '2025-07-13 18:36:31'),
(424, 1, -50, 'ТО СМП', '2025-07-13 18:36:32'),
(425, 1, -50, 'ТО СМП', '2025-07-13 18:36:33'),
(426, 1, -50, 'ТО СМП', '2025-07-13 18:36:33'),
(427, 1, -50, 'ТО СМП', '2025-07-13 18:36:34'),
(428, 1, -50, 'ТО СМП', '2025-07-13 18:36:34'),
(429, 1, -1000, 'Улучшение гаража Больница #1', '2025-07-13 18:38:14'),
(430, 1, -2000, 'Улучшение гаража Больница #1', '2025-07-13 18:38:16'),
(431, 7, -2500, 'Строительство здания', '2025-07-13 18:41:24'),
(432, 7, -1000, 'Строительство здания', '2025-07-13 18:41:41'),
(433, 7, -1000, 'Улучшение гаража Полицейский участок #1', '2025-07-13 18:41:44'),
(434, 7, -2000, 'Улучшение гаража Полицейский участок #1', '2025-07-13 18:41:44'),
(435, 7, -3000, 'Улучшение гаража Полицейский участок #1', '2025-07-13 18:41:45'),
(436, 7, -4000, 'Улучшение гаража Полицейский участок #1', '2025-07-13 18:41:46'),
(437, 7, -800, 'Покупка Спецназ', '2025-07-13 18:41:54'),
(438, 7, -800, 'Покупка Спецназ', '2025-07-13 18:41:57'),
(439, 7, -800, 'Покупка Спецназ', '2025-07-13 18:41:59'),
(440, 7, -5000, 'Улучшение гаража Полицейский участок #1', '2025-07-13 18:42:08'),
(441, 7, -6000, 'Улучшение гаража Полицейский участок #1', '2025-07-13 18:42:09'),
(442, 7, -7000, 'Улучшение гаража Полицейский участок #1', '2025-07-13 18:42:09'),
(443, 7, -8000, 'Улучшение гаража Полицейский участок #1', '2025-07-13 18:42:09'),
(444, 7, -9000, 'Улучшение гаража Полицейский участок #1', '2025-07-13 18:42:09'),
(445, 7, -10000, 'Улучшение гаража Полицейский участок #1', '2025-07-13 18:42:10'),
(446, 7, -550, 'Покупка ДПС', '2025-07-13 18:42:33'),
(447, 7, -550, 'Покупка ДПС', '2025-07-13 18:42:34'),
(448, 7, -500, 'Покупка ППС', '2025-07-13 18:42:36'),
(449, 7, -500, 'Покупка ППС', '2025-07-13 18:42:37'),
(450, 7, -600, 'Покупка Кинолог', '2025-07-13 18:42:40'),
(451, 7, -600, 'Покупка Кинолог', '2025-07-13 18:42:41'),
(452, 7, -2000, 'Строительство здания', '2025-07-13 18:43:41'),
(453, 7, -1000, 'Улучшение гаража Пожарная часть #1', '2025-07-13 18:43:44'),
(454, 7, -900, 'Покупка ПСА', '2025-07-13 18:43:56'),
(455, 7, -900, 'Покупка ПСА', '2025-07-13 18:44:04'),
(456, 7, -1100, 'Покупка АГ', '2025-07-13 18:44:04'),
(457, 7, -1300, 'Покупка СПТ', '2025-07-13 18:44:04'),
(458, 7, -1100, 'Покупка АЛ', '2025-07-13 18:44:21'),
(459, 7, -1500, 'Строительство здания', '2025-07-13 18:47:33'),
(460, 7, -1100, 'Покупка АЛ', '2025-07-13 18:47:51'),
(461, 5, -400, 'ТО всех машин Пожарная часть #1', '2025-07-13 18:47:54'),
(462, 7, -700, 'Покупка СМП', '2025-07-13 18:48:04'),
(463, 7, -900, 'Покупка Реанимобиль', '2025-07-13 18:48:06'),
(464, 7, -750, 'Покупка ПСП', '2025-07-13 18:48:08'),
(465, 7, -800, 'Покупка МСП', '2025-07-13 18:48:13'),
(466, 1, -1000, 'Улучшение гаража Больница #1', '2025-07-13 18:56:07'),
(467, 1, -2000, 'Улучшение гаража Больница #1', '2025-07-13 18:56:26'),
(468, 1, -3000, 'Улучшение гаража Больница #1', '2025-07-13 18:56:26'),
(469, 1, -4000, 'Улучшение гаража Больница #1', '2025-07-13 18:56:27'),
(470, 1, -500, 'Наём механика Дмитрий', '2025-07-13 19:04:10'),
(471, 1, -500, 'Наём механика Сергей', '2025-07-13 19:04:12'),
(472, 1, -500, 'Наём механика Иван', '2025-07-13 19:04:12'),
(473, 1, -500, 'Наём механика Дмитрий', '2025-07-13 19:04:13'),
(474, 1, -500, 'Наём механика Иван', '2025-07-13 19:04:17'),
(475, 1, -500, 'Наём механика Пётр', '2025-07-13 19:04:18'),
(476, 1, -500, 'Наём механика Дмитрий', '2025-07-13 19:04:18'),
(477, 1, -500, 'Наём механика Сергей', '2025-07-13 19:04:20'),
(478, 1, -1000, 'Строительство здания', '2025-07-13 19:05:34'),
(479, 1, -1000, 'Наём механика Иван (ур. 2)', '2025-07-13 19:23:09'),
(480, 1, -1000, 'Наём механика Иван (ур. 2)', '2025-07-13 19:23:11'),
(481, 1, -1500, 'Наём механика Алексей (ур. 3)', '2025-07-13 19:23:12'),
(482, 1, -1000, 'Наём механика Иван (ур. 2)', '2025-07-13 19:23:13'),
(483, 1, -1000, 'Наём механика Иван (ур. 2)', '2025-07-13 19:23:13'),
(484, 1, -1500, 'Наём механика Сергей (ур. 3)', '2025-07-13 19:23:14'),
(485, 1, -500, 'Наём механика Сергей (ур. 1)', '2025-07-13 19:23:15'),
(486, 1, -1000, 'Наём механика Иван (ур. 2)', '2025-07-13 19:23:15'),
(487, 1, -1500, 'Наём механика Иван (ур. 3)', '2025-07-13 19:23:16'),
(488, 1, -1500, 'Наём механика Сергей (ур. 3)', '2025-07-13 19:23:17'),
(489, 1, -500, 'Наём механика Иван (ур. 1)', '2025-07-13 19:23:18'),
(490, 1, -1500, 'Наём механика Дмитрий (ур. 3)', '2025-07-13 19:23:18'),
(491, 5, -500, 'Наём механика Иван (ур. 1)', '2025-07-13 19:25:13'),
(492, 5, -1000, 'Наём механика Пётр (ур. 2)', '2025-07-13 19:25:14'),
(493, 5, -1500, 'Наём механика Дмитрий (ур. 3)', '2025-07-13 19:25:15'),
(494, 5, -500, 'Наём механика Алексей (ур. 1)', '2025-07-13 19:25:16'),
(495, 5, -1500, 'Наём механика Иван (ур. 3)', '2025-07-13 19:25:17'),
(496, 5, -500, 'Наём механика Сергей (ур. 1)', '2025-07-13 19:25:18'),
(497, 5, -1000, 'Наём механика Иван (ур. 2)', '2025-07-13 19:25:19'),
(498, 5, -1500, 'Наём механика Иван (ур. 3)', '2025-07-13 19:25:19'),
(499, 1, -300, 'Ремонт ППС', '2025-07-13 19:27:57'),
(500, 1, -200, 'ТО ПСА', '2025-07-13 19:28:14'),
(501, 5, -500, 'Покупка ППС', '2025-07-13 19:43:13'),
(502, 5, -2500, 'Строительство здания', '2025-07-13 20:36:38'),
(503, 5, -2000, 'Строительство здания', '2025-07-13 20:37:18'),
(504, 5, -1000, 'Строительство здания', '2025-07-13 20:37:24'),
(505, 5, -1500, 'Строительство здания', '2025-07-13 20:37:29'),
(506, 5, -700, 'Покупка СМП', '2025-07-13 20:37:34'),
(507, 5, -700, 'Покупка СМП', '2025-07-13 20:37:37'),
(508, 1, -2500, 'Строительство здания', '2025-07-13 20:38:58'),
(509, 1, -1500, 'Строительство здания', '2025-07-13 20:39:04'),
(510, 1, -700, 'Покупка СМП', '2025-07-13 20:39:10'),
(511, 5, -900, 'Покупка Реанимобиль', '2025-07-13 20:39:38'),
(512, 5, -750, 'Покупка ПСП', '2025-07-13 20:39:40'),
(513, 5, -800, 'Покупка МСП', '2025-07-13 20:39:41'),
(514, 5, -500, 'Наём механика Сергей (ур. 1)', '2025-07-13 20:39:55'),
(515, 5, -1000, 'Наём механика Пётр (ур. 2)', '2025-07-13 20:39:56'),
(516, 5, -1000, 'Наём механика Пётр (ур. 2)', '2025-07-13 20:39:57'),
(517, 5, -1500, 'Наём механика Алексей (ур. 3)', '2025-07-13 20:39:57'),
(518, 5, -1100, 'Покупка АЛ', '2025-07-13 20:40:04'),
(519, 5, -1200, 'Покупка АП', '2025-07-13 20:40:04'),
(520, 5, -1000, 'Покупка АЦ', '2025-07-13 20:40:04'),
(521, 5, -900, 'Покупка ПСА', '2025-07-13 20:40:04'),
(522, 5, -1300, 'Покупка СПТ', '2025-07-13 20:40:04'),
(523, 5, -1100, 'Покупка АГ', '2025-07-13 20:40:06'),
(524, 5, -1000, 'Покупка АЦ', '2025-07-13 20:40:07'),
(525, 5, -1100, 'Покупка АЛ', '2025-07-13 20:40:13'),
(526, 5, -900, 'Покупка ПСА', '2025-07-13 20:40:14'),
(527, 5, -1200, 'Покупка АП', '2025-07-13 20:40:16'),
(528, 5, -1300, 'Покупка СПТ', '2025-07-13 20:40:17'),
(529, 5, -500, 'Покупка ППС', '2025-07-13 20:40:22'),
(530, 5, -500, 'Покупка ППС', '2025-07-13 20:40:23'),
(531, 5, -500, 'Покупка ППС', '2025-07-13 20:40:24'),
(532, 5, -550, 'Покупка ДПС', '2025-07-13 20:40:25'),
(533, 5, -550, 'Покупка ДПС', '2025-07-13 20:40:27'),
(534, 5, -550, 'Покупка ДПС', '2025-07-13 20:40:28'),
(535, 5, -800, 'Покупка Спецназ', '2025-07-13 20:40:29'),
(536, 5, -800, 'Покупка Спецназ', '2025-07-13 20:40:30'),
(537, 5, -600, 'Покупка Кинолог', '2025-07-13 20:40:30'),
(538, 5, -600, 'Покупка Кинолог', '2025-07-13 20:40:31'),
(539, 1, -1000, 'Строительство здания', '2025-07-13 21:06:10'),
(540, 1, -1500, 'Строительство здания', '2025-07-13 21:06:14'),
(541, 1, -2000, 'Строительство здания', '2025-07-13 21:06:16'),
(542, 1, -500, 'Покупка ППС', '2025-07-13 21:06:25'),
(543, 1, -900, 'Покупка ПСА', '2025-07-13 21:08:30'),
(544, 1, -1000, 'Покупка АЦ', '2025-07-13 21:08:34'),
(545, 1, -1300, 'Покупка СПТ', '2025-07-13 21:08:38'),
(546, 1, -1000, 'Улучшение гаража Полицейский участок #1', '2025-07-13 21:26:26'),
(547, 1, -2000, 'Улучшение гаража Полицейский участок #1', '2025-07-13 21:26:27'),
(548, 1, -2500, 'Строительство здания', '2025-07-13 21:28:19'),
(549, 1, -1000, 'Строительство здания', '2025-07-13 21:31:20'),
(550, 1, -1500, 'Наём механика Сергей (ур. 3)', '2025-07-13 21:32:06'),
(551, 1, -1000, 'Улучшение гаража Полицейский участок #1', '2025-07-13 21:32:08'),
(552, 1, -550, 'Покупка ДПС', '2025-07-13 21:33:31'),
(553, 1, -500, 'Покупка ППС', '2025-07-13 21:33:36'),
(554, 1, -240, 'Ремонт ДПС', '2025-07-13 21:36:47'),
(555, 1, -2500, 'Строительство здания', '2025-07-13 21:48:41'),
(556, 1, -1000, 'Строительство здания', '2025-07-13 21:48:44'),
(557, 1, -500, 'Покупка ППС', '2025-07-13 21:48:48'),
(558, 1, -2500, 'Строительство здания', '2025-07-13 22:16:26'),
(559, 1, -1000, 'Строительство здания', '2025-07-13 22:16:31'),
(560, 1, -500, 'Покупка ППС', '2025-07-13 22:16:35'),
(561, 5, -1000, 'Улучшение гаража Пожарная часть #1', '2025-07-13 22:20:16'),
(562, 5, -2000, 'Улучшение гаража Пожарная часть #1', '2025-07-13 22:20:17'),
(563, 5, -3000, 'Улучшение гаража Пожарная часть #1', '2025-07-13 22:20:18'),
(564, 5, -4000, 'Улучшение гаража Пожарная часть #1', '2025-07-13 22:20:18'),
(565, 1, -500, 'Покупка ППС', '2025-07-13 22:43:23'),
(566, 1, -500, 'Покупка ППС', '2025-07-13 23:22:29'),
(567, 1, -1500, 'Строительство здания', '2025-07-13 23:25:25'),
(568, 1, -700, 'Покупка СМП', '2025-07-13 23:25:56'),
(569, 1, -700, 'Покупка СМП', '2025-07-13 23:25:58'),
(570, 1, -700, 'Покупка СМП', '2025-07-13 23:25:59'),
(571, 5, -300, 'Ремонт СМП', '2025-07-13 23:46:45'),
(572, 5, -100, 'ТО АЦ', '2025-07-13 23:46:53'),
(573, 5, -1000, 'Улучшение гаража Больница #1', '2025-07-13 23:47:04'),
(574, 5, -1000, 'Улучшение гаража Больница #1', '2025-07-13 23:47:04'),
(575, 5, -1000, 'Улучшение гаража Больница #1', '2025-07-13 23:47:04'),
(576, 5, -1000, 'Улучшение гаража Больница #1', '2025-07-13 23:47:04'),
(577, 5, -1000, 'Улучшение гаража Больница #1', '2025-07-13 23:47:04'),
(578, 5, -1000, 'Улучшение гаража Больница #1', '2025-07-13 23:47:04'),
(579, 5, -1000, 'Улучшение гаража Больница #1', '2025-07-13 23:47:04'),
(580, 5, -1000, 'Улучшение гаража Больница #1', '2025-07-13 23:47:04'),
(581, 5, -1000, 'Улучшение гаража Больница #1', '2025-07-13 23:47:04'),
(582, 5, -1000, 'Улучшение гаража Больница #1', '2025-07-13 23:47:04'),
(583, 5, -1000, 'Улучшение гаража Больница #1', '2025-07-13 23:47:04'),
(584, 5, -1000, 'Улучшение гаража Больница #1', '2025-07-13 23:47:04'),
(585, 5, -1000, 'Улучшение гаража Больница #1', '2025-07-13 23:47:04'),
(586, 5, -1000, 'Улучшение гаража Больница #1', '2025-07-13 23:47:04'),
(587, 5, -2000, 'Улучшение гаража Больница #1', '2025-07-13 23:47:04'),
(588, 5, -2000, 'Улучшение гаража Больница #1', '2025-07-13 23:47:04'),
(589, 5, -2000, 'Улучшение гаража Больница #1', '2025-07-13 23:47:05'),
(590, 5, -3000, 'Улучшение гаража Больница #1', '2025-07-13 23:47:05'),
(591, 5, -3000, 'Улучшение гаража Больница #1', '2025-07-13 23:47:05'),
(592, 1, -1500, 'Строительство здания', '2025-07-14 08:08:04'),
(593, 1, -900, 'Покупка Реанимобиль', '2025-07-14 08:08:13'),
(594, 1, -800, 'Покупка МСП', '2025-07-14 08:08:15'),
(595, 1, -2000, 'Строительство здания', '2025-07-14 08:18:22'),
(596, 1, -900, 'Покупка ПСА', '2025-07-14 08:18:28'),
(597, 1, -700, 'Покупка СМП', '2025-07-14 08:27:37'),
(598, 1, -1000, 'Улучшение гаража Больница #2', '2025-07-14 08:27:39'),
(599, 1, -2000, 'Улучшение гаража Больница #2', '2025-07-14 08:27:40'),
(600, 1, -3000, 'Улучшение гаража Больница #2', '2025-07-14 08:27:41'),
(601, 1, -700, 'Покупка СМП', '2025-07-14 08:27:48'),
(602, 1, -500, 'Покупка ППС', '2025-07-14 08:30:04'),
(603, 1, -500, 'Покупка ППС', '2025-07-14 08:30:04'),
(604, 1, -500, 'Покупка ППС', '2025-07-14 08:33:10'),
(605, 1, -500, 'Покупка ППС', '2025-07-14 08:33:12'),
(606, 1, -500, 'Покупка ППС', '2025-07-14 08:34:21'),
(607, 1, -500, 'Покупка ППС', '2025-07-14 08:34:22'),
(608, 1, -500, 'Покупка ППС', '2025-07-14 08:34:23'),
(609, 1, -500, 'Покупка ППС', '2025-07-14 08:34:24'),
(610, 1, -500, 'Покупка ППС', '2025-07-14 08:34:26'),
(611, 1, -550, 'Покупка ДПС', '2025-07-14 08:34:28'),
(612, 1, -800, 'Покупка Спецназ', '2025-07-14 08:34:29'),
(613, 1, -600, 'Покупка Кинолог', '2025-07-14 08:34:30'),
(614, 1, -2500, 'Строительство здания', '2025-07-14 08:56:38'),
(615, 1, -1000, 'Строительство здания', '2025-07-14 08:56:42'),
(616, 1, -500, 'Покупка ППС', '2025-07-14 08:56:46'),
(617, 1, -500, 'Покупка ППС', '2025-07-14 08:56:48'),
(618, 1, -500, 'Покупка ППС', '2025-07-14 08:56:50'),
(619, 1, -1000, 'Улучшение гаража Полицейский участок #1', '2025-07-14 08:58:17'),
(620, 1, -500, 'Покупка ППС', '2025-07-14 08:58:23'),
(621, 1, -500, 'Покупка ППС', '2025-07-14 08:58:25'),
(622, 1, -550, 'Покупка ДПС', '2025-07-14 08:58:26'),
(623, 1, -800, 'Покупка Спецназ', '2025-07-14 08:58:27'),
(624, 1, -800, 'Покупка Спецназ', '2025-07-14 09:07:18'),
(625, 1, -550, 'Покупка ДПС', '2025-07-14 09:07:19'),
(626, 1, -500, 'Покупка ППС', '2025-07-14 09:07:21'),
(627, 1, -500, 'Покупка ППС', '2025-07-14 09:07:22'),
(628, 1, -800, 'Покупка Спецназ', '2025-07-14 09:48:23'),
(629, 1, -600, 'Покупка Кинолог', '2025-07-14 09:48:25'),
(630, 1, -1500, 'Строительство здания', '2025-07-14 09:51:19'),
(631, 1, -900, 'Покупка Реанимобиль', '2025-07-14 09:51:24'),
(632, 1, -700, 'Покупка СМП', '2025-07-14 09:51:29'),
(633, 1, -700, 'Покупка СМП', '2025-07-14 10:17:56'),
(634, 1, -700, 'Покупка СМП', '2025-07-14 11:12:22'),
(635, 1, -700, 'Покупка СМП', '2025-07-14 11:16:40'),
(636, 1, -700, 'Покупка СМП', '2025-07-14 11:16:41'),
(637, 1, -700, 'Покупка СМП', '2025-07-14 11:16:48'),
(638, 1, -2000, 'Строительство здания', '2025-07-14 11:21:41'),
(639, 1, -900, 'Покупка ПСА', '2025-07-14 11:21:46'),
(640, 1, -1100, 'Покупка АЛ', '2025-07-14 11:21:49'),
(641, 1, -1000, 'Покупка АЦ', '2025-07-14 11:50:39'),
(642, 1, -1200, 'Покупка АП', '2025-07-14 11:50:43'),
(643, 1, -1300, 'Покупка СПТ', '2025-07-14 11:50:44'),
(644, 1, -2500, 'Строительство здания', '2025-07-14 13:01:17'),
(645, 1, -1500, 'Строительство здания', '2025-07-14 13:01:20'),
(646, 1, -700, 'Покупка СМП', '2025-07-14 13:01:27'),
(647, 1, -700, 'Покупка СМП', '2025-07-14 13:32:17'),
(648, 1, -750, 'Покупка ПСП', '2025-07-14 13:40:23'),
(649, 1, -1000, 'Строительство здания', '2025-07-14 13:47:48'),
(650, 1, -2000, 'Строительство здания', '2025-07-14 13:47:52'),
(651, 1, -500, 'Покупка ППС', '2025-07-14 13:48:11'),
(652, 1, -500, 'Покупка ППС', '2025-07-14 13:48:36'),
(653, 1, -500, 'Покупка ППС', '2025-07-14 13:48:37'),
(654, 1, -550, 'Покупка ДПС', '2025-07-14 13:48:39'),
(655, 1, -700, 'Покупка СМП', '2025-07-14 13:49:21'),
(656, 1, -700, 'Покупка СМП', '2025-07-14 13:49:23'),
(657, 1, -700, 'Покупка Скорая помощь', '2025-07-14 14:08:08'),
(658, 1, -1500, 'Наём механика Сергей (ур. 3)', '2025-07-14 14:10:55'),
(659, 1, -500, 'Наём механика Пётр (ур. 1)', '2025-07-14 14:10:58'),
(660, 1, -1000, 'Улучшение гаража Больница #1', '2025-07-14 14:11:03'),
(661, 1, -1000, 'Улучшение гаража Больница #1', '2025-07-14 14:11:04'),
(662, 1, -1500, 'Покупка СТО Больница #1', '2025-07-14 14:22:43'),
(663, 1, -1200, 'Наём мастера Иван', '2025-07-14 14:22:56'),
(664, 1, -900, 'Покупка Реанимобиль', '2025-07-14 14:34:52'),
(665, 1, -700, 'Покупка Скорая помощь', '2025-07-14 14:34:54'),
(666, 1, -700, 'Покупка Скорая помощь', '2025-07-14 14:34:55'),
(667, 1, -700, 'Покупка Скорая помощь', '2025-07-14 14:34:56'),
(668, 1, -700, 'Покупка Скорая помощь', '2025-07-14 14:34:58'),
(669, 1, -700, 'Покупка Скорая помощь', '2025-07-14 14:34:59'),
(670, 1, -900, 'Покупка ПСА', '2025-07-14 14:47:28'),
(671, 1, -1100, 'Покупка АЛ', '2025-07-14 14:47:29'),
(672, 1, -1000, 'Покупка АЦ', '2025-07-14 14:47:30'),
(673, 1, -1200, 'Покупка АП', '2025-07-14 14:47:31'),
(674, 1, -1300, 'Покупка СПТ', '2025-07-14 14:47:32'),
(675, 1, -900, 'Покупка ПСА', '2025-07-14 14:47:33'),
(676, 1, -900, 'Покупка ПСА', '2025-07-14 14:47:35'),
(677, 1, -1200, 'Покупка АП', '2025-07-14 14:47:36'),
(678, 1, -1300, 'Покупка СПТ', '2025-07-14 14:47:38'),
(679, 1, -1500, 'Покупка СТО Пожарная часть #1', '2025-07-14 14:58:33'),
(680, 1, -1200, 'Наём мастера Иван', '2025-07-14 14:58:39'),
(681, 1, -270, 'Ремонт СМП', '2025-07-14 14:58:46'),
(682, 1, -2000, 'Покупка эвакуатора Больница #1', '2025-07-14 15:17:49'),
(683, 1, -308, 'Выездной ремонт СМП', '2025-07-14 15:17:57'),
(684, 1, -308, 'Выездной ремонт СМП', '2025-07-14 15:21:37'),
(685, 1, -1000, 'Улучшение СТО Больница #1', '2025-07-14 15:24:04'),
(686, 1, -303, 'Выездной ремонт СМП', '2025-07-14 16:14:57'),
(687, 1, -302, 'Выездной ремонт СМП', '2025-07-14 16:15:08'),
(688, 1, -302, 'Выездной ремонт СМП', '2025-07-14 16:15:10'),
(689, 1, -302, 'Выездной ремонт СМП', '2025-07-14 16:15:10'),
(690, 1, -2000, 'Покупка эвакуатора Пожарная часть #1', '2025-07-14 16:26:50'),
(691, 1, -1500, 'Покупка СТО Полицейский участок #1', '2025-07-14 16:27:13'),
(692, 1, -1200, 'Наём мастера Иван', '2025-07-14 16:27:18'),
(693, 1, -180, 'ТО ППС', '2025-07-14 16:27:31'),
(694, 1, -2000, 'Покупка эвакуатора Полицейский участок #1', '2025-07-14 16:27:36'),
(695, 1, -304, 'Выездной ремонт ППС', '2025-07-14 16:27:44'),
(696, 1, -309, 'Выездной ремонт ДПС', '2025-07-14 16:29:45'),
(697, 5, -2500, 'Строительство здания', '2025-07-14 16:33:21'),
(698, 5, -2000, 'Строительство здания', '2025-07-14 16:33:50'),
(699, 5, -900, 'Покупка ПСА', '2025-07-14 16:33:59'),
(700, 5, -900, 'Покупка ПСА', '2025-07-14 16:34:12'),
(701, 5, -1100, 'Покупка АЛ', '2025-07-14 16:34:14'),
(702, 5, -1000, 'Покупка АЦ', '2025-07-14 16:34:15'),
(703, 5, -1100, 'Покупка АЛ', '2025-07-14 16:34:16'),
(704, 5, -1000, 'Покупка АЦ', '2025-07-14 16:34:17'),
(705, 5, -1200, 'Покупка АП', '2025-07-14 16:34:18'),
(706, 5, -1300, 'Покупка СПТ', '2025-07-14 16:34:20'),
(707, 5, -1100, 'Покупка АГ', '2025-07-14 16:34:21'),
(708, 5, -1000, 'Строительство здания', '2025-07-14 16:36:26'),
(709, 5, -500, 'Покупка ППС', '2025-07-14 16:36:33'),
(710, 5, -500, 'Покупка ППС', '2025-07-14 16:36:34'),
(711, 5, -500, 'Покупка ППС', '2025-07-14 16:36:35'),
(712, 5, -550, 'Покупка ДПС', '2025-07-14 16:36:36'),
(713, 5, -550, 'Покупка ДПС', '2025-07-14 16:36:37'),
(714, 5, -550, 'Покупка ДПС', '2025-07-14 16:36:39'),
(715, 5, -800, 'Покупка Спецназ', '2025-07-14 16:36:40'),
(716, 5, -800, 'Покупка Спецназ', '2025-07-14 16:36:41'),
(717, 5, -800, 'Покупка Спецназ', '2025-07-14 16:36:42'),
(718, 5, -600, 'Покупка Кинолог', '2025-07-14 16:36:43'),
(719, 5, -600, 'Покупка Кинолог', '2025-07-14 16:36:44'),
(720, 5, -600, 'Покупка Кинолог', '2025-07-14 16:36:45'),
(721, 5, -1500, 'Покупка СТО Полицейский участок #1', '2025-07-14 16:37:10'),
(722, 5, -500, 'Наём мастера Пётр', '2025-07-14 16:37:35'),
(723, 5, -2000, 'Покупка эвакуатора Полицейский участок #1', '2025-07-14 16:37:38'),
(724, 5, -1000, 'Улучшение СТО Полицейский участок #1', '2025-07-14 16:37:40'),
(725, 5, -2000, 'Улучшение СТО Полицейский участок #1', '2025-07-14 16:37:41'),
(726, 1, -500, 'Покупка ППС', '2025-07-14 16:41:42'),
(727, 1, -700, 'Покупка Скорая помощь', '2025-07-14 16:42:04'),
(728, 1, -700, 'Покупка Скорая помощь', '2025-07-14 16:42:07'),
(729, 1, -700, 'Покупка Скорая помощь', '2025-07-14 16:42:55'),
(730, 1, -600, 'Покупка Кинолог', '2025-07-14 16:55:30'),
(731, 5, -1500, 'Строительство здания', '2025-07-14 17:11:10'),
(732, 5, -2700, 'Покупка Реанимобиль x3', '2025-07-14 17:12:15'),
(733, 5, -2250, 'Покупка ПСП x3', '2025-07-14 17:12:16'),
(734, 5, -2400, 'Покупка МСП x3', '2025-07-14 17:12:16'),
(735, 1, -1000, 'Улучшение СТО Полицейский участок #1', '2025-07-14 17:34:19'),
(736, 1, -1000, 'Улучшение СТО Полицейский участок #1', '2025-07-14 17:34:19'),
(737, 1, -1000, 'Улучшение СТО Полицейский участок #1', '2025-07-14 17:34:19'),
(738, 1, -2000, 'Улучшение СТО Полицейский участок #1', '2025-07-14 17:34:19'),
(739, 1, -3000, 'Улучшение СТО Полицейский участок #1', '2025-07-14 17:34:19'),
(740, 1, -4000, 'Улучшение СТО Полицейский участок #1', '2025-07-14 17:34:19'),
(741, 1, -2000, 'Улучшение СТО Больница #1', '2025-07-14 17:44:27'),
(742, 1, -3000, 'Улучшение СТО Больница #1', '2025-07-14 17:44:27'),
(743, 1, -4000, 'Улучшение СТО Больница #1', '2025-07-14 17:44:27'),
(744, 1, -1000, 'Улучшение СТО Пожарная часть #1', '2025-07-14 17:44:35'),
(745, 1, -2000, 'Улучшение СТО Пожарная часть #1', '2025-07-14 17:44:36'),
(746, 1, -3000, 'Улучшение СТО Пожарная часть #1', '2025-07-14 17:44:37'),
(747, 1, -4000, 'Улучшение СТО Пожарная часть #1', '2025-07-14 17:44:38'),
(748, 5, -3000, 'Улучшение СТО Полицейский участок #1', '2025-07-14 17:46:38'),
(749, 5, -4000, 'Улучшение СТО Полицейский участок #1', '2025-07-14 17:46:39'),
(750, 5, -1500, 'Покупка СТО Пожарная часть #1', '2025-07-14 17:46:41'),
(751, 5, -1200, 'Наём мастера Иван', '2025-07-14 17:46:43'),
(752, 5, -1000, 'Улучшение СТО Пожарная часть #1', '2025-07-14 17:46:44'),
(753, 5, -2000, 'Улучшение СТО Пожарная часть #1', '2025-07-14 17:46:45'),
(754, 5, -3000, 'Улучшение СТО Пожарная часть #1', '2025-07-14 17:46:45'),
(755, 5, -4000, 'Улучшение СТО Пожарная часть #1', '2025-07-14 17:46:45'),
(756, 5, -2000, 'Покупка эвакуатора Пожарная часть #1', '2025-07-14 17:46:47'),
(757, 5, -1500, 'Покупка СТО Больница #1', '2025-07-14 17:46:57'),
(758, 5, -1200, 'Наём мастера Иван', '2025-07-14 17:47:04'),
(759, 5, -1200, 'Наём мастера Иван', '2025-07-14 17:47:04'),
(760, 5, -800, 'Наём мастера Сергей', '2025-07-14 17:47:04'),
(761, 5, -1200, 'Наём мастера Иван', '2025-07-14 17:47:04'),
(762, 5, -1200, 'Наём мастера Иван', '2025-07-14 17:47:04'),
(763, 5, -1200, 'Наём мастера Иван', '2025-07-14 17:47:04'),
(764, 1, -1000, 'Строительство здания', '2025-07-14 17:47:49'),
(765, 1, -1500, 'Покупка СТО Полицейский участок #2', '2025-07-14 17:47:52'),
(766, 1, -1200, 'Наём мастера Иван', '2025-07-14 17:47:55'),
(767, 1, -2000, 'Покупка эвакуатора Полицейский участок #2', '2025-07-14 17:49:53'),
(768, 1, -1000, 'Улучшение СТО Полицейский участок #2', '2025-07-14 17:49:56'),
(769, 1, -2000, 'Улучшение СТО Полицейский участок #2', '2025-07-14 17:49:56'),
(770, 1, -3000, 'Улучшение СТО Полицейский участок #2', '2025-07-14 17:49:57'),
(771, 1, -4000, 'Улучшение СТО Полицейский участок #2', '2025-07-14 17:49:57'),
(772, 1, -1500, 'Строительство здания', '2025-07-14 17:56:36'),
(773, 1, -1500, 'Покупка СТО Больница #2', '2025-07-14 17:56:39'),
(774, 1, -800, 'Наём мастера Сергей', '2025-07-14 17:56:41'),
(775, 1, -1500, 'Строительство здания', '2025-07-14 17:56:49'),
(776, 1, -1500, 'Покупка СТО Больница #3', '2025-07-14 17:57:27'),
(777, 1, -1500, 'Покупка СТО Больница #3', '2025-07-14 17:57:28'),
(778, 1, -1200, 'Наём мастера Иван', '2025-07-14 17:57:28'),
(779, 1, -1500, 'Покупка СТО Больница #3', '2025-07-14 17:57:28'),
(780, 1, -1500, 'Строительство здания', '2025-07-14 17:57:48'),
(781, 1, -1500, 'Покупка СТО Больница #4', '2025-07-14 17:57:50'),
(782, 1, -550, 'Покупка ДПС', '2025-07-14 18:20:51'),
(783, 1, -1000, 'Строительство здания', '2025-07-14 18:21:49'),
(784, 1, -1500, 'Покупка СТО Полицейский участок #3', '2025-07-14 18:21:53'),
(785, 1, -2000, 'Покупка эвакуатора Полицейский участок #3', '2025-07-14 18:21:57'),
(786, 1, -1200, 'Наём мастера Иван', '2025-07-14 18:22:03'),
(787, 7, -2500, 'Строительство здания', '2025-07-14 18:47:15'),
(788, 7, -1000, 'Строительство здания', '2025-07-14 18:47:20'),
(789, 7, -1500, 'Строительство здания', '2025-07-14 18:47:22'),
(790, 7, -2000, 'Строительство здания', '2025-07-14 18:47:25'),
(791, 7, -1500, 'Покупка СТО Полицейский участок #1', '2025-07-14 18:47:34'),
(792, 7, -2000, 'Покупка эвакуатора Полицейский участок #1', '2025-07-14 18:47:38'),
(793, 7, -1200, 'Наём мастера Иван', '2025-07-14 18:47:39'),
(794, 7, -1000, 'Улучшение СТО Полицейский участок #1', '2025-07-14 18:47:40'),
(795, 7, -2000, 'Улучшение СТО Полицейский участок #1', '2025-07-14 18:47:41'),
(796, 7, -3000, 'Улучшение СТО Полицейский участок #1', '2025-07-14 18:47:42'),
(797, 7, -4000, 'Улучшение СТО Полицейский участок #1', '2025-07-14 18:47:42'),
(798, 7, -500, 'Покупка ППС', '2025-07-14 18:49:45'),
(799, 1, -2500, 'Строительство здания', '2025-07-14 18:50:07'),
(800, 1, -1000, 'Строительство здания', '2025-07-14 18:50:16'),
(801, 1, -500, 'Покупка ППС', '2025-07-14 18:52:15'),
(802, 1, -800, 'Покупка Спецназ', '2025-07-14 18:52:18'),
(803, 5, -1500, 'Строительство здания', '2025-07-14 18:54:16'),
(804, 7, -600, 'Покупка Кинолог', '2025-07-14 18:54:41'),
(805, 1, -800, 'Покупка Спецназ', '2025-07-14 19:16:45'),
(806, 1, -1600, 'Покупка Спецназ x2', '2025-07-14 19:26:42'),
(807, 5, -2100, 'Покупка Скорая помощь x3', '2025-07-14 19:27:12'),
(808, 5, -2700, 'Покупка Реанимобиль x3', '2025-07-14 19:27:12'),
(809, 5, -2250, 'Покупка ПСП x3', '2025-07-14 19:27:13'),
(810, 5, -2400, 'Покупка МСП x3', '2025-07-14 19:27:13'),
(811, 1, -500, 'Покупка ППС', '2025-07-14 19:39:37'),
(812, 1, -500, 'Покупка ППС', '2025-07-14 19:43:24'),
(813, 1, -600, 'Покупка Кинолог', '2025-07-14 19:49:06'),
(814, 1, -600, 'Покупка Кинолог', '2025-07-14 20:02:55'),
(815, 1, -600, 'Покупка Кинолог', '2025-07-14 20:13:49'),
(816, 1, -1500, 'Строительство здания', '2025-07-14 21:55:43'),
(817, 1, -2250, 'Покупка ПСП x3', '2025-07-14 21:55:50'),
(818, 7, -500, 'Покупка ППС x1', '2025-07-15 06:52:38'),
(819, 7, -550, 'Покупка ДПС x1', '2025-07-15 06:52:38'),
(820, 7, -800, 'Покупка Спецназ x1', '2025-07-15 06:52:39');
INSERT INTO `balance_history` (`id`, `user_id`, `change_amount`, `reason`, `time`) VALUES
(821, 7, -600, 'Покупка Кинолог x1', '2025-07-15 06:52:39'),
(822, 1, -800, 'Покупка Спецназ', '2025-07-15 15:49:41'),
(823, 1, -600, 'Покупка Кинолог', '2025-07-15 15:49:43'),
(824, 1, -1500, 'Покупка СТО Полицейский участок #1', '2025-07-15 16:57:39'),
(825, 1, -800, 'Наём мастера Сергей', '2025-07-15 16:57:40'),
(826, 1, -500, 'Смена механика Полицейский участок #1', '2025-07-15 16:57:43'),
(827, 1, -500, 'Смена механика Полицейский участок #1', '2025-07-15 16:57:44'),
(828, 1, -500, 'Смена механика Полицейский участок #1', '2025-07-15 16:57:45'),
(829, 1, -500, 'Смена механика Полицейский участок #1', '2025-07-15 16:57:46'),
(830, 1, -500, 'Смена механика Полицейский участок #1', '2025-07-15 16:57:46'),
(831, 1, -500, 'Смена механика Полицейский участок #1', '2025-07-15 16:58:03'),
(832, 1, -500, 'Смена механика Полицейский участок #1', '2025-07-15 16:58:04'),
(833, 1, -500, 'Смена механика Полицейский участок #1', '2025-07-15 16:58:08'),
(834, 1, -500, 'Смена механика Полицейский участок #1', '2025-07-15 16:58:12'),
(835, 1, -1500, 'Покупка СТО Больница #1', '2025-07-15 16:58:31'),
(836, 1, -800, 'Наём мастера Сергей', '2025-07-15 16:58:37'),
(837, 1, -500, 'Смена механика Больница #1', '2025-07-15 17:11:44'),
(838, 1, -500, 'Смена механика Больница #1', '2025-07-15 17:11:49'),
(839, 1, -1000, 'Строительство здания', '2025-07-15 17:11:55'),
(840, 1, -1500, 'Покупка СТО Полицейский участок #2', '2025-07-15 17:11:58'),
(841, 1, -500, 'Смена механика Полицейский участок #2', '2025-07-15 17:12:47'),
(842, 1, -500, 'Смена механика Полицейский участок #2', '2025-07-15 17:13:10'),
(843, 1, -500, 'Наём мастера Пётр', '2025-07-15 17:29:52'),
(844, 1, -800, 'Смена мастера Сергей Полицейский участок #2', '2025-07-15 17:38:49'),
(845, 1, -500, 'Смена мастера Пётр Полицейский участок #2', '2025-07-15 17:38:51'),
(846, 1, -800, 'Смена мастера Сергей Полицейский участок #2', '2025-07-15 17:38:52'),
(847, 1, -500, 'Смена мастера Пётр Полицейский участок #2', '2025-07-15 17:38:52'),
(848, 1, -800, 'Смена мастера Сергей Полицейский участок #2', '2025-07-15 17:38:53'),
(849, 1, -1000, 'Строительство здания', '2025-07-15 17:38:57'),
(850, 1, -2300, 'Покупка СТО и Наём мастера Сергей Полицейский участок #3', '2025-07-15 17:42:00'),
(851, 1, -500, 'Смена мастера Пётр Полицейский участок #2', '2025-07-15 17:52:03'),
(852, 1, -1200, 'Смена мастера Иван Полицейский участок #2', '2025-07-15 17:52:07'),
(853, 1, -800, 'Смена мастера Сергей Полицейский участок #2', '2025-07-15 17:52:13'),
(854, 1, -1500, 'Строительство здания', '2025-07-15 17:52:26'),
(855, 1, -1000, 'Строительство здания', '2025-07-15 19:06:17'),
(856, 1, -1500, 'Покупка СТО Полицейский участок #4', '2025-07-15 19:06:23'),
(857, 1, -2000, 'Покупка эвакуатора Полицейский участок #4', '2025-07-15 19:06:25'),
(858, 1, -800, 'Наём мастера Сергей', '2025-07-15 19:06:31'),
(859, 1, -800, 'Покупка Спецназ', '2025-07-15 19:12:20'),
(860, 1, -1000, 'Строительство здания', '2025-07-15 20:24:51'),
(861, 1, -1000, 'Строительство здания', '2025-07-15 20:30:53'),
(862, 5, -2500, 'Строительство здания', '2025-07-15 20:50:03'),
(863, 1, -2500, 'Строительство здания', '2025-07-15 21:16:33'),
(864, 1, -1000, 'Строительство здания', '2025-07-15 21:16:36'),
(865, 1, -800, 'Покупка Спецназ x1', '2025-07-15 21:24:53'),
(866, 1, -800, 'Покупка Спецназ', '2025-07-15 21:30:41'),
(867, 5, -2000, 'Строительство здания', '2025-07-15 21:37:46'),
(868, 5, -1500, 'Строительство здания', '2025-07-15 21:38:04'),
(869, 5, -1500, 'Строительство здания', '2025-07-15 21:38:09'),
(870, 5, -1000, 'Строительство здания', '2025-07-15 21:38:14'),
(871, 5, -2000, 'Строительство здания', '2025-07-15 21:38:32'),
(872, 5, -1000, 'Строительство здания', '2025-07-15 21:39:10'),
(873, 5, -1500, 'Покупка ППС x3', '2025-07-15 21:39:24'),
(874, 5, -1650, 'Покупка ДПС x3', '2025-07-15 21:39:24'),
(875, 5, -800, 'Покупка Спецназ x1', '2025-07-15 21:39:25'),
(876, 5, -1200, 'Покупка Кинолог x2', '2025-07-15 21:39:25'),
(877, 5, -1500, 'Покупка ППС x3', '2025-07-15 21:39:40'),
(878, 5, -1650, 'Покупка ДПС x3', '2025-07-15 21:40:05'),
(879, 5, -800, 'Покупка Спецназ x1', '2025-07-15 21:40:05'),
(880, 5, -1200, 'Покупка Кинолог x2', '2025-07-15 21:40:06'),
(881, 5, -1500, 'Покупка ПСП x2', '2025-07-15 21:40:36'),
(882, 5, -800, 'Покупка МСП x1', '2025-07-15 21:40:36'),
(883, 5, -2100, 'Покупка Скорая помощь x3', '2025-07-15 21:40:36'),
(884, 5, -2700, 'Покупка Реанимобиль x3', '2025-07-15 21:40:36'),
(885, 5, -2700, 'Покупка ПСА x3', '2025-07-15 21:40:49'),
(886, 5, -3300, 'Покупка АЛ x3', '2025-07-15 21:40:49'),
(887, 5, -3000, 'Покупка АЦ x3', '2025-07-15 21:40:49'),
(888, 5, -3300, 'Покупка АГ x3', '2025-07-15 21:41:04'),
(889, 5, -3900, 'Покупка СПТ x3', '2025-07-15 21:41:04'),
(890, 5, -3600, 'Покупка АП x3', '2025-07-15 21:41:04'),
(891, 1, -2500, 'Строительство здания', '2025-07-15 21:53:04'),
(892, 1, -1000, 'Строительство здания', '2025-07-15 21:53:51'),
(893, 1, -550, 'Покупка ДПС', '2025-07-15 21:53:54'),
(894, 1, -600, 'Покупка Кинолог', '2025-07-15 22:09:27'),
(895, 1, -800, 'Покупка Спецназ', '2025-07-15 22:09:30');

-- --------------------------------------------------------

--
-- Структура таблицы `chat_messages`
--

CREATE TABLE `chat_messages` (
  `id` int NOT NULL,
  `user_id` int NOT NULL,
  `message` text NOT NULL,
  `created_at` timestamp NULL DEFAULT CURRENT_TIMESTAMP
) ENGINE=InnoDB DEFAULT CHARSET=utf8mb4 COLLATE=utf8mb4_0900_ai_ci;

--
-- Дамп данных таблицы `chat_messages`
--

INSERT INTO `chat_messages` (`id`, `user_id`, `message`, `created_at`) VALUES
(1, 1, '1', '2025-07-13 20:26:20'),
(2, 5, 'ВСЕМ ПРИВЕТ', '2025-07-13 20:26:41'),
(3, 1, 'ехехеф', '2025-07-13 20:26:49'),
(4, 5, 'хихихиих', '2025-07-13 20:26:57'),
(5, 5, 'приколюха', '2025-07-13 20:27:04'),
(6, 1, 'хаха', '2025-07-13 20:27:11'),
(7, 5, 'ало уроды меня слышно???', '2025-07-15 21:08:14'),
(8, 1, 'пердак', '2025-07-15 21:09:18'),
(9, 1, '1', '2025-07-15 21:09:23'),
(10, 5, 'какой еще пердак', '2025-07-15 22:03:13');

-- --------------------------------------------------------

--
-- Структура таблицы `player_data`
--

CREATE TABLE `player_data` (
  `user_id` int NOT NULL,
  `balance` int NOT NULL DEFAULT '10000',
  `rating` int NOT NULL DEFAULT '100',
  `bases` longtext NOT NULL,
  `calls` longtext NOT NULL
) ENGINE=InnoDB DEFAULT CHARSET=utf8mb4 COLLATE=utf8mb4_0900_ai_ci;

--
-- Дамп данных таблицы `player_data`
--

INSERT INTO `player_data` (`user_id`, `balance`, `rating`, `bases`, `calls`) VALUES
(1, 5150, 80, '[{\"id\":\"base-o6gzmtqth\",\"name\":\"\\u0421\\u0432\\u044f\\u0437\\u044c #1\",\"lat\":56.37238066896312,\"lng\":41.29829406738282,\"type\":\"\\u0414\\u0438\\u0441\\u043f\\u0435\\u0442\\u0447\\u0435\\u0440\\u0441\\u043a\\u0438\\u0439 \\u043f\\u0443\\u043d\\u043a\\u0442\",\"level\":1,\"active\":false,\"locked\":false,\"radius\":1000,\"callInterval\":60000,\"zone\":null,\"vehicles\":[],\"personnel\":[],\"upgrades\":[],\"missions\":[],\"serviceStation\":null},{\"id\":\"base-lbb9je06v\",\"name\":\"\\u041f\\u043e\\u043b\\u0438\\u0446\\u0435\\u0439\\u0441\\u043a\\u0438\\u0439 \\u0443\\u0447\\u0430\\u0441\\u0442\\u043e\\u043a #1\",\"lat\":56.36743697519676,\"lng\":41.29812240600587,\"type\":\"\\u041f\\u043e\\u043b\\u0438\\u0446\\u0435\\u0439\\u0441\\u043a\\u0438\\u0439 \\u0443\\u0447\\u0430\\u0441\\u0442\\u043e\\u043a\",\"level\":1,\"active\":true,\"locked\":false,\"radius\":0,\"callInterval\":60000,\"zone\":null,\"vehicles\":[{\"id\":\"veh-0lw8pr0o1\",\"type\":\"dps_car\",\"name\":\"\\u0414\\u041f\\u0421\",\"emoji\":\"\\ud83d\\ude94\",\"speed\":60,\"status\":\"idle\",\"lat\":56.36743697519676,\"lng\":41.29812240600587,\"mileage\":7.495881848349744,\"condition\":100,\"callId\":null,\"route\":null,\"routeProgress\":100},{\"id\":\"veh-hjlxoqvcx\",\"type\":\"swat_van\",\"name\":\"\\u0421\\u043f\\u0435\\u0446\\u043d\\u0430\\u0437\",\"emoji\":\"\\ud83d\\ude90\",\"speed\":55,\"status\":\"idle\",\"lat\":56.36743697519676,\"lng\":41.29812240600587,\"mileage\":1.1585247508805092,\"condition\":100,\"callId\":null,\"route\":null,\"routeProgress\":100}],\"personnel\":[],\"upgrades\":[],\"missions\":[],\"serviceStation\":null}]', '[{\"id\":\"call-s9mh9dwky\",\"type\":\"call16\",\"lat\":56.3742697,\"lng\":41.3053881,\"emoji\":\"\\ud83d\\ude91\",\"text\":\"\\u041f\\u0430\\u0434\\u0435\\u043d\\u0438\\u0435 \\u0441 \\u0432\\u044b\\u0441\\u043e\\u0442\\u044b \\u043d\\u0430 \\u0441\\u0442\\u0440\\u043e\\u0439\\u043a\\u0435\",\"address\":\"\\u0434. 22, \\u0443\\u043b\\u0438\\u0446\\u0430 \\u0410\\u0431\\u0435\\u043b\\u044c\\u043c\\u0430\\u043d\\u0430, \\u041a\\u043e\\u0432\\u0440\\u043e\\u0432\",\"timestamp\":1752617891839,\"fake\":0,\"penalized\":1,\"penalty\":5,\"assigned\":0,\"assignedVehicles\":[],\"requiredVehicles\":[\"patrol\",\"ambulance\",\"rescue_ambulance\"],\"progress\":30,\"preProgress\":0,\"duration\":60,\"workTime\":0,\"dispatcherId\":\"base-o6gzmtqth\"}]'),
(2, 64374, 906, '[]', '[]'),
(3, 9000, 1000, '[]', '[]'),
(5, 11502924, 90, '[{\"id\":\"base-eqwparhhl\",\"name\":\"\\u0421\\u0432\\u044f\\u0437\\u044c #1\",\"lat\":56.35086022718234,\"lng\":41.311898231506355,\"type\":\"\\u0414\\u0438\\u0441\\u043f\\u0435\\u0442\\u0447\\u0435\\u0440\\u0441\\u043a\\u0438\\u0439 \\u043f\\u0443\\u043d\\u043a\\u0442\",\"level\":1,\"active\":false,\"locked\":false,\"radius\":1000,\"callInterval\":60000,\"zone\":[[56.355502544622254,41.37627124786378],[56.35826054695768,41.38408184051514],[56.36192127006431,41.388888359069824],[56.36648471394213,41.39069080352783],[56.37195087859113,41.38948917388916],[56.37831976401133,41.385283470153816],[56.3844026799607,41.38101339340211],[56.390199626439234,41.37667894363404],[56.39571060344696,41.37228012084962],[56.40093561098385,41.367816925048835],[56.405079919335805,41.36275291442872],[56.40814352850282,41.357088088989265],[56.41012643848491,41.350822448730476],[56.41102864928206,41.34395599365235],[56.41165782437879,41.33730411529542],[56.41201396377511,41.330866813659675],[56.41209706747101,41.324644088745124],[56.41190713546649,41.318635940551765],[56.410375389199565,41.31230592727662],[56.407501828670235,41.305654048919685],[56.40328645387849,41.298680305480964],[56.39772926482435,41.291384696960456],[56.392278224613534,41.2853765487671],[56.386933333246056,41.280655860900886],[56.381694590721914,41.27722263336182],[56.37656199704111,41.27507686614991],[56.371618953942956,41.272716522216804],[56.36686546142745,41.27014160156251],[56.3623015194946,41.26735210418702],[56.357927128144404,41.26434803009034],[56.3537663373291,41.26160144805909],[56.34981914704869,41.25911235809327],[56.34608555730318,41.25688076019288],[56.34256556809255,41.25490665435792],[56.33922372397675,41.25456333160401],[56.336060024955756,41.25585079193116],[56.333074471029576,41.25876903533936],[56.33026706219822,41.26331806182862],[56.32801873069995,41.26913309097291],[56.32632947653479,41.276214122772224],[56.32519929970273,41.28456115722657],[56.32462820020378,41.294174194335945],[56.324449726003735,41.30344390869141],[56.32466387710259,41.312370300292976],[56.325270653500354,41.32095336914063],[56.32627005519702,41.32919311523438],[56.32849438043059,41.33681058883668],[56.33194362920105,41.34380578994752],[56.336617801508424,41.3501787185669],[56.342516897352695,41.35592937469483],[56.347630719819755,41.36219501495362],[56.35195926890961,41.36897563934327]],\"vehicles\":[],\"personnel\":[],\"upgrades\":[],\"missions\":[],\"serviceStation\":null},{\"id\":\"base-q8z0k1tmd\",\"name\":\"\\u041f\\u043e\\u0436\\u0430\\u0440\\u043d\\u0430\\u044f \\u0447\\u0430\\u0441\\u0442\\u044c #1\",\"lat\":56.365725547168374,\"lng\":41.31640434265137,\"type\":\"\\u041f\\u043e\\u0436\\u0430\\u0440\\u043d\\u0430\\u044f \\u0447\\u0430\\u0441\\u0442\\u044c\",\"level\":3,\"active\":true,\"locked\":false,\"radius\":0,\"callInterval\":60000,\"zone\":null,\"vehicles\":[{\"id\":\"veh-dlh3bir1n\",\"type\":\"fire_truck\",\"name\":\"\\u041f\\u0421\\u0410\",\"emoji\":\"\\ud83d\\ude92\",\"speed\":50,\"status\":\"idle\",\"lat\":56.365725547168374,\"lng\":41.31640434265137,\"mileage\":0,\"condition\":100,\"callId\":null,\"route\":null,\"routeProgress\":0},{\"id\":\"veh-vm93277ry\",\"type\":\"fire_truck\",\"name\":\"\\u041f\\u0421\\u0410\",\"emoji\":\"\\ud83d\\ude92\",\"speed\":50,\"status\":\"idle\",\"lat\":56.365725547168374,\"lng\":41.31640434265137,\"mileage\":0,\"condition\":100,\"callId\":null,\"route\":null,\"routeProgress\":0},{\"id\":\"veh-bo0ei8srr\",\"type\":\"fire_truck\",\"name\":\"\\u041f\\u0421\\u0410\",\"emoji\":\"\\ud83d\\ude92\",\"speed\":50,\"status\":\"idle\",\"lat\":56.365725547168374,\"lng\":41.31640434265137,\"mileage\":5.281853070218029,\"condition\":100,\"callId\":null,\"route\":null,\"routeProgress\":100},{\"id\":\"veh-ouxwd3kv1\",\"type\":\"ladder_truck\",\"name\":\"\\u0410\\u041b\",\"emoji\":\"\\ud83d\\ude92\",\"speed\":45,\"status\":\"idle\",\"lat\":56.365725547168374,\"lng\":41.31640434265137,\"mileage\":0,\"condition\":100,\"callId\":null,\"route\":null,\"routeProgress\":0},{\"id\":\"veh-mqmenmo82\",\"type\":\"ladder_truck\",\"name\":\"\\u0410\\u041b\",\"emoji\":\"\\ud83d\\ude92\",\"speed\":45,\"status\":\"idle\",\"lat\":56.365725547168374,\"lng\":41.31640434265137,\"mileage\":0,\"condition\":100,\"callId\":null,\"route\":null,\"routeProgress\":0},{\"id\":\"veh-bi8td3qeb\",\"type\":\"ladder_truck\",\"name\":\"\\u0410\\u041b\",\"emoji\":\"\\ud83d\\ude92\",\"speed\":45,\"status\":\"idle\",\"lat\":56.365725547168374,\"lng\":41.31640434265137,\"mileage\":0,\"condition\":100,\"callId\":null,\"route\":null,\"routeProgress\":0},{\"id\":\"veh-hyyf6pmev\",\"type\":\"tanker_truck\",\"name\":\"\\u0410\\u0426\",\"emoji\":\"\\ud83d\\ude9b\",\"speed\":45,\"status\":\"idle\",\"lat\":56.365725547168374,\"lng\":41.31640434265137,\"mileage\":4.749011872699044,\"condition\":100,\"callId\":null,\"route\":null,\"routeProgress\":100},{\"id\":\"veh-gv3mhim0u\",\"type\":\"tanker_truck\",\"name\":\"\\u0410\\u0426\",\"emoji\":\"\\ud83d\\ude9b\",\"speed\":45,\"status\":\"idle\",\"lat\":56.365725547168374,\"lng\":41.31640434265137,\"mileage\":4.854583481189411,\"condition\":100,\"callId\":null,\"route\":null,\"routeProgress\":100},{\"id\":\"veh-kw1rew4ny\",\"type\":\"tanker_truck\",\"name\":\"\\u0410\\u0426\",\"emoji\":\"\\ud83d\\ude9b\",\"speed\":45,\"status\":\"idle\",\"lat\":56.365725547168374,\"lng\":41.31640434265137,\"mileage\":0.15209719128410917,\"condition\":100,\"callId\":null,\"route\":null,\"routeProgress\":100}],\"personnel\":[],\"upgrades\":[],\"missions\":[],\"serviceStation\":null},{\"id\":\"base-8r9jnmgqt\",\"name\":\"\\u0411\\u043e\\u043b\\u044c\\u043d\\u0438\\u0446\\u0430 #1\",\"lat\":56.36187455313284,\"lng\":41.31803512573243,\"type\":\"\\u0411\\u043e\\u043b\\u044c\\u043d\\u0438\\u0446\\u0430\",\"level\":3,\"active\":true,\"locked\":false,\"radius\":0,\"callInterval\":60000,\"zone\":null,\"vehicles\":[{\"id\":\"veh-sr3nihnil\",\"type\":\"psp\",\"name\":\"\\u041f\\u0421\\u041f\",\"emoji\":\"\\ud83d\\ude91\",\"speed\":60,\"status\":\"idle\",\"lat\":56.36187455313284,\"lng\":41.31803512573243,\"mileage\":0,\"condition\":100,\"callId\":null,\"route\":null,\"routeProgress\":0},{\"id\":\"veh-nxf0r46nx\",\"type\":\"psp\",\"name\":\"\\u041f\\u0421\\u041f\",\"emoji\":\"\\ud83d\\ude91\",\"speed\":60,\"status\":\"idle\",\"lat\":56.36187455313284,\"lng\":41.31803512573243,\"mileage\":0.16308968010595645,\"condition\":100,\"callId\":null,\"route\":null,\"routeProgress\":100},{\"id\":\"veh-gh4m7h26t\",\"type\":\"msp\",\"name\":\"\\u041c\\u0421\\u041f\",\"emoji\":\"\\ud83d\\ude91\",\"speed\":60,\"status\":\"idle\",\"lat\":56.36187455313284,\"lng\":41.31803512573243,\"mileage\":0.24071425378488126,\"condition\":100,\"callId\":null,\"route\":null,\"routeProgress\":100},{\"id\":\"veh-1rint86yf\",\"type\":\"ambulance\",\"name\":\"\\u0421\\u043a\\u043e\\u0440\\u0430\\u044f \\u043f\\u043e\\u043c\\u043e\\u0449\\u044c\",\"emoji\":\"\\ud83d\\ude91\",\"speed\":60,\"status\":\"idle\",\"lat\":56.36187455313284,\"lng\":41.31803512573243,\"mileage\":3.996036199692839,\"condition\":100,\"callId\":null,\"route\":null,\"routeProgress\":100},{\"id\":\"veh-j1961zt99\",\"type\":\"ambulance\",\"name\":\"\\u0421\\u043a\\u043e\\u0440\\u0430\\u044f \\u043f\\u043e\\u043c\\u043e\\u0449\\u044c\",\"emoji\":\"\\ud83d\\ude91\",\"speed\":60,\"status\":\"idle\",\"lat\":56.36187455313284,\"lng\":41.31803512573243,\"mileage\":3.8539027197622033,\"condition\":100,\"callId\":null,\"route\":null,\"routeProgress\":100},{\"id\":\"veh-quwhsgk8h\",\"type\":\"ambulance\",\"name\":\"\\u0421\\u043a\\u043e\\u0440\\u0430\\u044f \\u043f\\u043e\\u043c\\u043e\\u0449\\u044c\",\"emoji\":\"\\ud83d\\ude91\",\"speed\":60,\"status\":\"idle\",\"lat\":56.36187455313284,\"lng\":41.31803512573243,\"mileage\":7.309245155953074,\"condition\":100,\"callId\":null,\"route\":null,\"routeProgress\":100},{\"id\":\"veh-qzlawozwi\",\"type\":\"rescue_ambulance\",\"name\":\"\\u0420\\u0435\\u0430\\u043d\\u0438\\u043c\\u043e\\u0431\\u0438\\u043b\\u044c\",\"emoji\":\"\\ud83d\\ude91\",\"speed\":65,\"status\":\"idle\",\"lat\":56.36187455313284,\"lng\":41.31803512573243,\"mileage\":4.333226614969129,\"condition\":100,\"callId\":null,\"route\":null,\"routeProgress\":100},{\"id\":\"veh-xjv0copgj\",\"type\":\"rescue_ambulance\",\"name\":\"\\u0420\\u0435\\u0430\\u043d\\u0438\\u043c\\u043e\\u0431\\u0438\\u043b\\u044c\",\"emoji\":\"\\ud83d\\ude91\",\"speed\":65,\"status\":\"idle\",\"lat\":56.36187455313284,\"lng\":41.31803512573243,\"mileage\":0,\"condition\":100,\"callId\":null,\"route\":null,\"routeProgress\":0},{\"id\":\"veh-q83gzv1sx\",\"type\":\"rescue_ambulance\",\"name\":\"\\u0420\\u0435\\u0430\\u043d\\u0438\\u043c\\u043e\\u0431\\u0438\\u043b\\u044c\",\"emoji\":\"\\ud83d\\ude91\",\"speed\":65,\"status\":\"idle\",\"lat\":56.36187455313284,\"lng\":41.31803512573243,\"mileage\":0,\"condition\":100,\"callId\":null,\"route\":null,\"routeProgress\":0}],\"personnel\":[],\"upgrades\":[],\"missions\":[],\"serviceStation\":null},{\"id\":\"base-p6b782taj\",\"name\":\"\\u0411\\u043e\\u043b\\u044c\\u043d\\u0438\\u0446\\u0430 #2\",\"lat\":56.33060064084318,\"lng\":41.30855079553994,\"type\":\"\\u0411\\u043e\\u043b\\u044c\\u043d\\u0438\\u0446\\u0430\",\"level\":1,\"active\":true,\"locked\":false,\"radius\":0,\"callInterval\":60000,\"zone\":null,\"vehicles\":[],\"personnel\":[],\"upgrades\":[],\"missions\":[],\"serviceStation\":null},{\"id\":\"base-2e2aiutxp\",\"name\":\"\\u041f\\u043e\\u043b\\u0438\\u0446\\u0435\\u0439\\u0441\\u043a\\u0438\\u0439 \\u0443\\u0447\\u0430\\u0441\\u0442\\u043e\\u043a #1\",\"lat\":56.377729004581404,\"lng\":41.308862127791635,\"type\":\"\\u041f\\u043e\\u043b\\u0438\\u0446\\u0435\\u0439\\u0441\\u043a\\u0438\\u0439 \\u0443\\u0447\\u0430\\u0441\\u0442\\u043e\\u043a\",\"level\":3,\"active\":true,\"locked\":false,\"radius\":0,\"callInterval\":60000,\"zone\":null,\"vehicles\":[{\"id\":\"veh-3hnpvwxz8\",\"type\":\"patrol\",\"name\":\"\\u041f\\u041f\\u0421\",\"emoji\":\"\\ud83d\\ude93\",\"speed\":60,\"status\":\"idle\",\"lat\":56.377729004581404,\"lng\":41.308862127791635,\"mileage\":8.512964582317945,\"condition\":100,\"callId\":null,\"route\":null,\"routeProgress\":100},{\"id\":\"veh-tj8q383fy\",\"type\":\"patrol\",\"name\":\"\\u041f\\u041f\\u0421\",\"emoji\":\"\\ud83d\\ude93\",\"speed\":60,\"status\":\"idle\",\"lat\":56.377729004581404,\"lng\":41.308862127791635,\"mileage\":7.790179641555877,\"condition\":100,\"callId\":null,\"route\":null,\"routeProgress\":100},{\"id\":\"veh-tkpe4nidp\",\"type\":\"patrol\",\"name\":\"\\u041f\\u041f\\u0421\",\"emoji\":\"\\ud83d\\ude93\",\"speed\":60,\"status\":\"idle\",\"lat\":56.377729004581404,\"lng\":41.308862127791635,\"mileage\":0.22793336303064315,\"condition\":100,\"callId\":null,\"route\":null,\"routeProgress\":100},{\"id\":\"veh-2gel1cwwr\",\"type\":\"dps_car\",\"name\":\"\\u0414\\u041f\\u0421\",\"emoji\":\"\\ud83d\\ude94\",\"speed\":60,\"status\":\"idle\",\"lat\":56.377729004581404,\"lng\":41.308862127791635,\"mileage\":0,\"condition\":100,\"callId\":null,\"route\":null,\"routeProgress\":0},{\"id\":\"veh-nfr9tnlpx\",\"type\":\"dps_car\",\"name\":\"\\u0414\\u041f\\u0421\",\"emoji\":\"\\ud83d\\ude94\",\"speed\":60,\"status\":\"idle\",\"lat\":56.377729004581404,\"lng\":41.308862127791635,\"mileage\":0,\"condition\":100,\"callId\":null,\"route\":null,\"routeProgress\":0},{\"id\":\"veh-36r329kau\",\"type\":\"dps_car\",\"name\":\"\\u0414\\u041f\\u0421\",\"emoji\":\"\\ud83d\\ude94\",\"speed\":60,\"status\":\"idle\",\"lat\":56.377729004581404,\"lng\":41.308862127791635,\"mileage\":0,\"condition\":100,\"callId\":null,\"route\":null,\"routeProgress\":0},{\"id\":\"veh-vpzlxwfww\",\"type\":\"swat_van\",\"name\":\"\\u0421\\u043f\\u0435\\u0446\\u043d\\u0430\\u0437\",\"emoji\":\"\\ud83d\\ude90\",\"speed\":55,\"status\":\"idle\",\"lat\":56.377729004581404,\"lng\":41.308862127791635,\"mileage\":0,\"condition\":100,\"callId\":null,\"route\":null,\"routeProgress\":0},{\"id\":\"veh-8w1dkclyf\",\"type\":\"k9_unit\",\"name\":\"\\u041a\\u0438\\u043d\\u043e\\u043b\\u043e\\u0433\",\"emoji\":\"\\ud83d\\udc15\",\"speed\":55,\"status\":\"idle\",\"lat\":56.377729004581404,\"lng\":41.308862127791635,\"mileage\":0,\"condition\":100,\"callId\":null,\"route\":null,\"routeProgress\":0},{\"id\":\"veh-tbmjult58\",\"type\":\"k9_unit\",\"name\":\"\\u041a\\u0438\\u043d\\u043e\\u043b\\u043e\\u0433\",\"emoji\":\"\\ud83d\\udc15\",\"speed\":55,\"status\":\"idle\",\"lat\":56.377729004581404,\"lng\":41.308862127791635,\"mileage\":0,\"condition\":100,\"callId\":null,\"route\":null,\"routeProgress\":0}],\"personnel\":[],\"upgrades\":[],\"missions\":[],\"serviceStation\":null},{\"id\":\"base-aqvkj5n1q\",\"name\":\"\\u041f\\u043e\\u0436\\u0430\\u0440\\u043d\\u0430\\u044f \\u0447\\u0430\\u0441\\u0442\\u044c #2\",\"lat\":56.36775785939711,\"lng\":41.33443951606751,\"type\":\"\\u041f\\u043e\\u0436\\u0430\\u0440\\u043d\\u0430\\u044f \\u0447\\u0430\\u0441\\u0442\\u044c\",\"level\":3,\"active\":true,\"locked\":false,\"radius\":0,\"callInterval\":60000,\"zone\":null,\"vehicles\":[{\"id\":\"veh-qlj5q4fft\",\"type\":\"foam_truck\",\"name\":\"\\u0410\\u0413\",\"emoji\":\"\\ud83d\\ude92\",\"speed\":45,\"status\":\"idle\",\"lat\":56.36775785939711,\"lng\":41.33443951606751,\"mileage\":0,\"condition\":100,\"callId\":null,\"route\":null,\"routeProgress\":0},{\"id\":\"veh-1p90czhlb\",\"type\":\"foam_truck\",\"name\":\"\\u0410\\u0413\",\"emoji\":\"\\ud83d\\ude92\",\"speed\":45,\"status\":\"idle\",\"lat\":56.36775785939711,\"lng\":41.33443951606751,\"mileage\":0,\"condition\":100,\"callId\":null,\"route\":null,\"routeProgress\":0},{\"id\":\"veh-r6rr6nyl8\",\"type\":\"foam_truck\",\"name\":\"\\u0410\\u0413\",\"emoji\":\"\\ud83d\\ude92\",\"speed\":45,\"status\":\"idle\",\"lat\":56.36775785939711,\"lng\":41.33443951606751,\"mileage\":0,\"condition\":100,\"callId\":null,\"route\":null,\"routeProgress\":0},{\"id\":\"veh-sf6dm294z\",\"type\":\"special_fire\",\"name\":\"\\u0421\\u041f\\u0422\",\"emoji\":\"\\ud83d\\ude92\",\"speed\":50,\"status\":\"idle\",\"lat\":56.36775785939711,\"lng\":41.33443951606751,\"mileage\":5.3367337535940935,\"condition\":100,\"callId\":null,\"route\":null,\"routeProgress\":100},{\"id\":\"veh-fdz3fv0fd\",\"type\":\"special_fire\",\"name\":\"\\u0421\\u041f\\u0422\",\"emoji\":\"\\ud83d\\ude92\",\"speed\":50,\"status\":\"idle\",\"lat\":56.36775785939711,\"lng\":41.33443951606751,\"mileage\":0,\"condition\":100,\"callId\":null,\"route\":null,\"routeProgress\":0},{\"id\":\"veh-0329lwidc\",\"type\":\"special_fire\",\"name\":\"\\u0421\\u041f\\u0422\",\"emoji\":\"\\ud83d\\ude92\",\"speed\":50,\"status\":\"idle\",\"lat\":56.36775785939711,\"lng\":41.33443951606751,\"mileage\":0,\"condition\":100,\"callId\":null,\"route\":null,\"routeProgress\":0},{\"id\":\"veh-5ky0s9iar\",\"type\":\"aerial_platform\",\"name\":\"\\u0410\\u041f\",\"emoji\":\"\\ud83d\\ude92\",\"speed\":45,\"status\":\"idle\",\"lat\":56.36775785939711,\"lng\":41.33443951606751,\"mileage\":0,\"condition\":100,\"callId\":null,\"route\":null,\"routeProgress\":0},{\"id\":\"veh-vmxgd0dct\",\"type\":\"aerial_platform\",\"name\":\"\\u0410\\u041f\",\"emoji\":\"\\ud83d\\ude92\",\"speed\":45,\"status\":\"idle\",\"lat\":56.36775785939711,\"lng\":41.33443951606751,\"mileage\":0,\"condition\":100,\"callId\":null,\"route\":null,\"routeProgress\":0},{\"id\":\"veh-ak3jpkslz\",\"type\":\"aerial_platform\",\"name\":\"\\u0410\\u041f\",\"emoji\":\"\\ud83d\\ude92\",\"speed\":45,\"status\":\"idle\",\"lat\":56.36775785939711,\"lng\":41.33443951606751,\"mileage\":0,\"condition\":100,\"callId\":null,\"route\":null,\"routeProgress\":0}],\"personnel\":[],\"upgrades\":[],\"missions\":[],\"serviceStation\":null},{\"id\":\"base-d6m7djxrh\",\"name\":\"\\u041f\\u043e\\u043b\\u0438\\u0446\\u0435\\u0439\\u0441\\u043a\\u0438\\u0439 \\u0443\\u0447\\u0430\\u0441\\u0442\\u043e\\u043a #2\",\"lat\":56.34003895753319,\"lng\":41.29501104354859,\"type\":\"\\u041f\\u043e\\u043b\\u0438\\u0446\\u0435\\u0439\\u0441\\u043a\\u0438\\u0439 \\u0443\\u0447\\u0430\\u0441\\u0442\\u043e\\u043a\",\"level\":3,\"active\":true,\"locked\":false,\"radius\":0,\"callInterval\":60000,\"zone\":null,\"vehicles\":[{\"id\":\"veh-71l21mva2\",\"type\":\"patrol\",\"name\":\"\\u041f\\u041f\\u0421\",\"emoji\":\"\\ud83d\\ude93\",\"speed\":60,\"status\":\"idle\",\"lat\":56.34003895753319,\"lng\":41.29501104354859,\"mileage\":5.860026375244898,\"condition\":100,\"callId\":null,\"route\":null,\"routeProgress\":100},{\"id\":\"veh-2qwcjudk8\",\"type\":\"patrol\",\"name\":\"\\u041f\\u041f\\u0421\",\"emoji\":\"\\ud83d\\ude93\",\"speed\":60,\"status\":\"idle\",\"lat\":56.34003895753319,\"lng\":41.29501104354859,\"mileage\":0,\"condition\":100,\"callId\":null,\"route\":null,\"routeProgress\":0},{\"id\":\"veh-673fprd8e\",\"type\":\"patrol\",\"name\":\"\\u041f\\u041f\\u0421\",\"emoji\":\"\\ud83d\\ude93\",\"speed\":60,\"status\":\"idle\",\"lat\":56.34003895753319,\"lng\":41.29501104354859,\"mileage\":10.090819041068276,\"condition\":100,\"callId\":null,\"route\":null,\"routeProgress\":100},{\"id\":\"veh-nic7my1so\",\"type\":\"dps_car\",\"name\":\"\\u0414\\u041f\\u0421\",\"emoji\":\"\\ud83d\\ude94\",\"speed\":60,\"status\":\"idle\",\"lat\":56.34003895753319,\"lng\":41.29501104354859,\"mileage\":0,\"condition\":100,\"callId\":null,\"route\":null,\"routeProgress\":0},{\"id\":\"veh-5n7drafce\",\"type\":\"dps_car\",\"name\":\"\\u0414\\u041f\\u0421\",\"emoji\":\"\\ud83d\\ude94\",\"speed\":60,\"status\":\"idle\",\"lat\":56.34003895753319,\"lng\":41.29501104354859,\"mileage\":0,\"condition\":100,\"callId\":null,\"route\":null,\"routeProgress\":0},{\"id\":\"veh-4iznzgnw7\",\"type\":\"dps_car\",\"name\":\"\\u0414\\u041f\\u0421\",\"emoji\":\"\\ud83d\\ude94\",\"speed\":60,\"status\":\"idle\",\"lat\":56.34003895753319,\"lng\":41.29501104354859,\"mileage\":0,\"condition\":100,\"callId\":null,\"route\":null,\"routeProgress\":0},{\"id\":\"veh-8j9mdrlne\",\"type\":\"swat_van\",\"name\":\"\\u0421\\u043f\\u0435\\u0446\\u043d\\u0430\\u0437\",\"emoji\":\"\\ud83d\\ude90\",\"speed\":55,\"status\":\"idle\",\"lat\":56.34003895753319,\"lng\":41.29501104354859,\"mileage\":0,\"condition\":100,\"callId\":null,\"route\":null,\"routeProgress\":0},{\"id\":\"veh-72351jq0j\",\"type\":\"k9_unit\",\"name\":\"\\u041a\\u0438\\u043d\\u043e\\u043b\\u043e\\u0433\",\"emoji\":\"\\ud83d\\udc15\",\"speed\":55,\"status\":\"idle\",\"lat\":56.34003895753319,\"lng\":41.29501104354859,\"mileage\":0,\"condition\":100,\"callId\":null,\"route\":null,\"routeProgress\":0},{\"id\":\"veh-mfqasnmb8\",\"type\":\"k9_unit\",\"name\":\"\\u041a\\u0438\\u043d\\u043e\\u043b\\u043e\\u0433\",\"emoji\":\"\\ud83d\\udc15\",\"speed\":55,\"status\":\"idle\",\"lat\":56.34003895753319,\"lng\":41.29501104354859,\"mileage\":0,\"condition\":100,\"callId\":null,\"route\":null,\"routeProgress\":0}],\"personnel\":[],\"upgrades\":[],\"missions\":[],\"serviceStation\":null}]', '[]'),
(7, 120550, 50, '[{\"id\":\"base-bzgg47otm\",\"name\":\"\\u0421\\u0432\\u044f\\u0437\\u044c #1\",\"lat\":56.36173191625267,\"lng\":41.32781982421876,\"type\":\"\\u0414\\u0438\\u0441\\u043f\\u0435\\u0442\\u0447\\u0435\\u0440\\u0441\\u043a\\u0438\\u0439 \\u043f\\u0443\\u043d\\u043a\\u0442\",\"level\":1,\"active\":false,\"locked\":false,\"radius\":1000,\"callInterval\":60000,\"zone\":null,\"vehicles\":[],\"personnel\":[],\"upgrades\":[],\"missions\":[],\"serviceStation\":null},{\"id\":\"base-pe10tnswz\",\"name\":\"\\u041f\\u043e\\u043b\\u0438\\u0446\\u0435\\u0439\\u0441\\u043a\\u0438\\u0439 \\u0443\\u0447\\u0430\\u0441\\u0442\\u043e\\u043a #1\",\"lat\":56.358593769864875,\"lng\":41.32507324218751,\"type\":\"\\u041f\\u043e\\u043b\\u0438\\u0446\\u0435\\u0439\\u0441\\u043a\\u0438\\u0439 \\u0443\\u0447\\u0430\\u0441\\u0442\\u043e\\u043a\",\"level\":7,\"active\":true,\"locked\":false,\"radius\":0,\"callInterval\":60000,\"zone\":null,\"vehicles\":[{\"id\":\"veh-48i2cylzq\",\"type\":\"patrol\",\"name\":\"\\u041f\\u041f\\u0421\",\"emoji\":\"\\ud83d\\ude93\",\"speed\":60,\"status\":\"idle\",\"lat\":56.358593769864875,\"lng\":41.32507324218751,\"mileage\":1.720061438903391,\"condition\":100,\"callId\":null,\"route\":null,\"routeProgress\":54.92188799492583},{\"id\":\"veh-94bi7v28d\",\"type\":\"patrol\",\"name\":\"\\u041f\\u041f\\u0421\",\"emoji\":\"\\ud83d\\ude93\",\"speed\":60,\"status\":\"idle\",\"lat\":56.358593769864875,\"lng\":41.32507324218751,\"mileage\":0,\"condition\":100,\"callId\":null,\"route\":null,\"routeProgress\":0},{\"id\":\"veh-tujkktpi1\",\"type\":\"dps_car\",\"name\":\"\\u0414\\u041f\\u0421\",\"emoji\":\"\\ud83d\\ude94\",\"speed\":60,\"status\":\"idle\",\"lat\":56.358593769864875,\"lng\":41.32507324218751,\"mileage\":0,\"condition\":100,\"callId\":null,\"route\":null,\"routeProgress\":0},{\"id\":\"veh-jveo5gj71\",\"type\":\"swat_van\",\"name\":\"\\u0421\\u043f\\u0435\\u0446\\u043d\\u0430\\u0437\",\"emoji\":\"\\ud83d\\ude90\",\"speed\":55,\"status\":\"idle\",\"lat\":56.358593769864875,\"lng\":41.32507324218751,\"mileage\":0,\"condition\":100,\"callId\":null,\"route\":null,\"routeProgress\":0},{\"id\":\"veh-go7usjz9w\",\"type\":\"k9_unit\",\"name\":\"\\u041a\\u0438\\u043d\\u043e\\u043b\\u043e\\u0433\",\"emoji\":\"\\ud83d\\udc15\",\"speed\":55,\"status\":\"idle\",\"lat\":56.358593769864875,\"lng\":41.32507324218751,\"mileage\":0,\"condition\":100,\"callId\":null,\"route\":null,\"routeProgress\":0}],\"personnel\":[],\"upgrades\":[],\"missions\":[],\"serviceStation\":{\"level\":5,\"master\":{\"id\":\"expert\",\"name\":\"\\u0418\\u0432\\u0430\\u043d\",\"skill\":3,\"hireCost\":1200,\"salary\":200},\"towTruck\":true,\"mechanic\":{\"lat\":56.358593769864875,\"lng\":41.32507324218751,\"status\":\"idle\",\"route\":null},\"hiring\":false}},{\"id\":\"base-akqbgid21\",\"name\":\"\\u0411\\u043e\\u043b\\u044c\\u043d\\u0438\\u0446\\u0430 #1\",\"lat\":56.357737866928005,\"lng\":41.33056640625001,\"type\":\"\\u0411\\u043e\\u043b\\u044c\\u043d\\u0438\\u0446\\u0430\",\"level\":1,\"active\":true,\"locked\":false,\"radius\":0,\"callInterval\":60000,\"zone\":null,\"vehicles\":[],\"personnel\":[],\"upgrades\":[],\"missions\":[],\"serviceStation\":null},{\"id\":\"base-3yxnwrftp\",\"name\":\"\\u041f\\u043e\\u0436\\u0430\\u0440\\u043d\\u0430\\u044f \\u0447\\u0430\\u0441\\u0442\\u044c #1\",\"lat\":56.366581270788224,\"lng\":41.33399963378907,\"type\":\"\\u041f\\u043e\\u0436\\u0430\\u0440\\u043d\\u0430\\u044f \\u0447\\u0430\\u0441\\u0442\\u044c\",\"level\":1,\"active\":true,\"locked\":false,\"radius\":0,\"callInterval\":60000,\"zone\":null,\"vehicles\":[],\"personnel\":[],\"upgrades\":[],\"missions\":[],\"serviceStation\":null}]', '[]'),
(8, 10000, 100, '[]', '[]'),
(9, 10000, 100, '[]', '[]'),
(10, 3000, 95, '[]', '[]');

-- --------------------------------------------------------

--
-- Структура таблицы `rating_history`
--

CREATE TABLE `rating_history` (
  `id` int NOT NULL,
  `user_id` int NOT NULL,
  `change_amount` int NOT NULL,
  `reason` varchar(255) NOT NULL,
  `time` timestamp NULL DEFAULT CURRENT_TIMESTAMP
) ENGINE=InnoDB DEFAULT CHARSET=utf8mb4 COLLATE=utf8mb4_0900_ai_ci;

--
-- Дамп данных таблицы `rating_history`
--

INSERT INTO `rating_history` (`id`, `user_id`, `change_amount`, `reason`, `time`) VALUES
(1, 1, -5, 'Просроченный вызов', '2025-07-12 02:27:57'),
(2, 1, -5, 'Просроченный вызов', '2025-07-12 02:54:13'),
(3, 1, -5, 'Просроченный вызов', '2025-07-12 02:56:18'),
(4, 1, -5, 'Просроченный вызов', '2025-07-12 03:01:08'),
(5, 1, -5, 'Просроченный вызов', '2025-07-12 03:05:17'),
(6, 1, -5, 'Просроченный вызов', '2025-07-12 03:57:52'),
(7, 1, -5, 'Просроченный вызов', '2025-07-12 04:01:37'),
(8, 1, -5, 'Просроченный вызов', '2025-07-12 04:01:37'),
(9, 1, -5, 'Просроченный вызов', '2025-07-12 04:01:38'),
(10, 5, -5, 'Просроченный вызов', '2025-07-12 04:13:39'),
(11, 5, -5, 'Просроченный вызов', '2025-07-12 04:16:40'),
(12, 5, -5, 'Просроченный вызов', '2025-07-12 04:37:04'),
(13, 5, -5, 'Просроченный вызов', '2025-07-12 04:51:04'),
(14, 1, -5, 'Просроченный вызов', '2025-07-12 05:01:03'),
(15, 5, -5, 'Просроченный вызов', '2025-07-12 05:10:33'),
(16, 1, -5, 'Просроченный вызов', '2025-07-12 05:14:04'),
(17, 1, -5, 'Просроченный вызов', '2025-07-12 05:14:15'),
(18, 1, -5, 'Просроченный вызов', '2025-07-12 05:14:20'),
(19, 1, -5, 'Просроченный вызов', '2025-07-12 05:20:04'),
(20, 1, -5, 'Просроченный вызов', '2025-07-12 05:20:04'),
(21, 1, -5, 'Просроченный вызов', '2025-07-12 07:12:15'),
(22, 1, -5, 'Просроченный вызов', '2025-07-12 07:16:03'),
(23, 1, -5, 'Просроченный вызов', '2025-07-12 08:12:50'),
(24, 1, -5, 'Просроченный вызов', '2025-07-12 08:13:04'),
(25, 1, -5, 'Просроченный вызов', '2025-07-12 08:20:50'),
(26, 1, -5, 'Просроченный вызов', '2025-07-12 08:21:17'),
(27, 1, -5, 'Просроченный вызов', '2025-07-12 08:24:46'),
(28, 1, -5, 'Просроченный вызов', '2025-07-12 08:25:04'),
(29, 1, -5, 'Просроченный вызов', '2025-07-12 08:32:53'),
(30, 1, -5, 'Просроченный вызов', '2025-07-12 08:38:53'),
(31, 1, -5, 'Просроченный вызов', '2025-07-12 09:05:25'),
(32, 1, -5, 'Просроченный вызов', '2025-07-12 09:12:59'),
(33, 1, -5, 'Просроченный вызов', '2025-07-12 09:16:03'),
(34, 5, -5, 'Просроченный вызов', '2025-07-12 16:41:16'),
(35, 5, -5, 'Просроченный вызов', '2025-07-12 17:21:40'),
(36, 1, -5, 'Просроченный вызов', '2025-07-12 18:03:34'),
(37, 1, -5, 'Просроченный вызов', '2025-07-12 18:03:45'),
(38, 1, -5, 'Просроченный вызов', '2025-07-12 18:03:55'),
(39, 1, -5, 'Просроченный вызов', '2025-07-12 18:05:54'),
(40, 1, -5, 'Просроченный вызов', '2025-07-12 18:12:38'),
(41, 1, -5, 'Просроченный вызов', '2025-07-12 18:13:27'),
(42, 5, -5, 'Просроченный вызов', '2025-07-12 18:49:04'),
(43, 5, -5, 'Просроченный вызов', '2025-07-12 19:03:25'),
(44, 5, -5, 'Просроченный вызов', '2025-07-12 19:04:14'),
(45, 5, -5, 'Просроченный вызов', '2025-07-12 19:06:37'),
(46, 5, -5, 'Просроченный вызов', '2025-07-12 19:09:16'),
(47, 5, -5, 'Просроченный вызов', '2025-07-12 19:14:19'),
(48, 1, -5, 'Просроченный вызов', '2025-07-12 19:46:54'),
(49, 1, -5, 'Просроченный вызов', '2025-07-12 20:10:38'),
(50, 1, -5, 'Просроченный вызов', '2025-07-12 20:12:35'),
(51, 1, -5, 'Просроченный вызов', '2025-07-12 20:12:41'),
(52, 1, -5, 'Просроченный вызов', '2025-07-12 20:13:54'),
(53, 1, -5, 'Просроченный вызов', '2025-07-12 20:13:54'),
(54, 5, -5, 'Просроченный вызов', '2025-07-12 20:14:38'),
(55, 1, -5, 'Просроченный вызов', '2025-07-12 20:16:54'),
(56, 5, -5, 'Просроченный вызов', '2025-07-12 20:17:38'),
(57, 5, -5, 'Просроченный вызов', '2025-07-12 20:18:38'),
(58, 5, -5, 'Просроченный вызов', '2025-07-12 20:19:38'),
(59, 5, -5, 'Просроченный вызов', '2025-07-12 20:19:38'),
(60, 5, -5, 'Просроченный вызов', '2025-07-12 20:20:39'),
(61, 5, -5, 'Просроченный вызов', '2025-07-12 20:24:05'),
(62, 5, -5, 'Просроченный вызов', '2025-07-12 20:24:05'),
(63, 5, -5, 'Просроченный вызов', '2025-07-12 20:25:44'),
(64, 5, -5, 'Просроченный вызов', '2025-07-12 20:25:44'),
(65, 5, -5, 'Просроченный вызов', '2025-07-12 20:25:44'),
(66, 1, -5, 'Просроченный вызов', '2025-07-12 21:26:07'),
(67, 1, -5, 'Просроченный вызов', '2025-07-12 23:11:55'),
(68, 1, -5, 'Просроченный вызов', '2025-07-13 00:03:54'),
(69, 1, -5, 'Просроченный вызов', '2025-07-13 00:19:28'),
(70, 1, -5, 'Просроченный вызов', '2025-07-13 00:35:38'),
(71, 1, -5, 'Просроченный вызов', '2025-07-13 00:36:22'),
(72, 1, -5, 'Просроченный вызов', '2025-07-13 00:37:54'),
(73, 1, -5, 'Просроченный вызов', '2025-07-13 00:38:23'),
(74, 1, -5, 'Просроченный вызов', '2025-07-13 00:40:23'),
(75, 1, -5, 'Просроченный вызов', '2025-07-13 00:42:55'),
(76, 1, -5, 'Просроченный вызов', '2025-07-13 00:42:55'),
(77, 1, -5, 'Просроченный вызов', '2025-07-13 00:44:55'),
(78, 1, -5, 'Просроченный вызов', '2025-07-13 00:45:55'),
(79, 1, -5, 'Просроченный вызов', '2025-07-13 00:46:54'),
(80, 1, -5, 'Просроченный вызов', '2025-07-13 00:53:13'),
(81, 1, -5, 'Просроченный вызов', '2025-07-13 00:58:55'),
(82, 1, -5, 'Просроченный вызов', '2025-07-13 01:00:55'),
(83, 1, -5, 'Просроченный вызов', '2025-07-13 01:02:33'),
(84, 1, -5, 'Просроченный вызов', '2025-07-13 01:04:58'),
(85, 1, -5, 'Просроченный вызов', '2025-07-13 01:06:55'),
(86, 1, -5, 'Просроченный вызов', '2025-07-13 01:06:55'),
(87, 1, -5, 'Просроченный вызов', '2025-07-13 01:07:55'),
(88, 1, -5, 'Просроченный вызов', '2025-07-13 01:08:55'),
(89, 1, -5, 'Просроченный вызов', '2025-07-13 01:11:59'),
(90, 1, -5, 'Просроченный вызов', '2025-07-13 01:12:00'),
(91, 1, -5, 'Просроченный вызов', '2025-07-13 01:12:58'),
(92, 1, -5, 'Просроченный вызов', '2025-07-13 01:13:59'),
(93, 1, -5, 'Просроченный вызов', '2025-07-13 01:14:25'),
(94, 1, -5, 'Просроченный вызов', '2025-07-13 01:15:09'),
(95, 1, -5, 'Просроченный вызов', '2025-07-13 01:15:24'),
(96, 1, -5, 'Просроченный вызов', '2025-07-13 01:16:55'),
(97, 1, -5, 'Просроченный вызов', '2025-07-13 01:19:55'),
(98, 1, -5, 'Просроченный вызов', '2025-07-13 01:19:55'),
(99, 1, -5, 'Просроченный вызов', '2025-07-13 01:19:55'),
(100, 1, -5, 'Просроченный вызов', '2025-07-13 01:19:55'),
(101, 1, -5, 'Просроченный вызов', '2025-07-13 01:22:07'),
(102, 1, -5, 'Просроченный вызов', '2025-07-13 01:22:11'),
(103, 1, -5, 'Просроченный вызов', '2025-07-13 01:22:11'),
(104, 1, -5, 'Просроченный вызов', '2025-07-13 01:22:55'),
(105, 1, -5, 'Просроченный вызов', '2025-07-13 01:22:55'),
(106, 1, -5, 'Просроченный вызов', '2025-07-13 01:55:55'),
(107, 1, -5, 'Просроченный вызов', '2025-07-13 03:13:55'),
(108, 1, -5, 'Просроченный вызов', '2025-07-13 03:15:10'),
(109, 1, -5, 'Просроченный вызов', '2025-07-13 03:18:59'),
(110, 1, -5, 'Просроченный вызов', '2025-07-13 03:19:55'),
(111, 1, -5, 'Просроченный вызов', '2025-07-13 03:21:55'),
(112, 1, -5, 'Просроченный вызов', '2025-07-13 03:21:55'),
(113, 1, -5, 'Просроченный вызов', '2025-07-13 03:22:55'),
(114, 1, -5, 'Просроченный вызов', '2025-07-13 03:22:55'),
(115, 1, -5, 'Просроченный вызов', '2025-07-13 03:22:55'),
(116, 1, -5, 'Просроченный вызов', '2025-07-13 03:22:55'),
(117, 1, -5, 'Просроченный вызов', '2025-07-13 03:23:56'),
(118, 1, -5, 'Просроченный вызов', '2025-07-13 03:23:56'),
(119, 1, -5, 'Просроченный вызов', '2025-07-13 03:23:56'),
(120, 1, -5, 'Просроченный вызов', '2025-07-13 03:23:56'),
(121, 1, -5, 'Просроченный вызов', '2025-07-13 03:23:56'),
(122, 1, -5, 'Просроченный вызов', '2025-07-13 03:23:56'),
(123, 1, -5, 'Просроченный вызов', '2025-07-13 03:24:55'),
(124, 1, -5, 'Просроченный вызов', '2025-07-13 03:26:55'),
(125, 1, -5, 'Просроченный вызов', '2025-07-13 03:27:55'),
(126, 1, -5, 'Просроченный вызов', '2025-07-13 03:28:55'),
(127, 1, -5, 'Просроченный вызов', '2025-07-13 03:29:55'),
(128, 1, -5, 'Просроченный вызов', '2025-07-13 03:30:55'),
(129, 1, -5, 'Просроченный вызов', '2025-07-13 03:31:55'),
(130, 1, -5, 'Просроченный вызов', '2025-07-13 03:32:12'),
(131, 1, -5, 'Просроченный вызов', '2025-07-13 04:45:04'),
(132, 1, -5, 'Просроченный вызов', '2025-07-13 04:46:04'),
(133, 1, -5, 'Просроченный вызов', '2025-07-13 04:46:41'),
(134, 1, -5, 'Просроченный вызов', '2025-07-13 04:50:46'),
(135, 1, -5, 'Просроченный вызов', '2025-07-13 04:58:17'),
(136, 1, -5, 'Просроченный вызов', '2025-07-13 04:58:23'),
(137, 1, -5, 'Просроченный вызов', '2025-07-13 05:02:09'),
(138, 1, -5, 'Просроченный вызов', '2025-07-13 05:05:55'),
(139, 1, -5, 'Просроченный вызов', '2025-07-13 05:05:55'),
(140, 5, -5, 'Просроченный вызов', '2025-07-13 05:34:51'),
(141, 5, -5, 'Просроченный вызов', '2025-07-13 05:58:34'),
(142, 1, -5, 'Просроченный вызов', '2025-07-13 11:20:26'),
(143, 10, -5, 'Просроченный вызов', '2025-07-13 12:24:36'),
(144, 1, -5, 'Просроченный вызов', '2025-07-13 15:20:57'),
(145, 1, -5, 'Просроченный вызов', '2025-07-13 15:23:51'),
(146, 1, -5, 'Просроченный вызов', '2025-07-13 15:40:14'),
(147, 1, -5, 'Просроченный вызов', '2025-07-13 16:00:15'),
(148, 1, -5, 'Просроченный вызов', '2025-07-13 16:08:33'),
(149, 1, -5, 'Просроченный вызов', '2025-07-13 16:17:24'),
(150, 1, -5, 'Просроченный вызов', '2025-07-13 16:17:24'),
(151, 1, -5, 'Просроченный вызов', '2025-07-13 16:22:23'),
(152, 1, -5, 'Просроченный вызов', '2025-07-13 16:43:24'),
(153, 1, -5, 'Просроченный вызов', '2025-07-13 17:01:18'),
(154, 1, -5, 'Просроченный вызов', '2025-07-13 17:02:23'),
(155, 1, -5, 'Просроченный вызов', '2025-07-13 17:06:24'),
(156, 1, -5, 'Просроченный вызов', '2025-07-13 17:06:24'),
(157, 5, -5, 'Просроченный вызов', '2025-07-13 17:07:28'),
(158, 1, -5, 'Просроченный вызов', '2025-07-13 17:08:24'),
(159, 1, -5, 'Просроченный вызов', '2025-07-13 17:08:24'),
(160, 1, -5, 'Просроченный вызов', '2025-07-13 17:11:24'),
(161, 1, -5, 'Просроченный вызов', '2025-07-13 17:12:24'),
(162, 1, -5, 'Просроченный вызов', '2025-07-13 17:12:24'),
(163, 1, -5, 'Просроченный вызов', '2025-07-13 17:12:24'),
(164, 1, -5, 'Просроченный вызов', '2025-07-13 17:13:24'),
(165, 1, -5, 'Просроченный вызов', '2025-07-13 17:14:04'),
(166, 1, -5, 'Просроченный вызов', '2025-07-13 17:35:24'),
(167, 1, -5, 'Просроченный вызов', '2025-07-13 17:35:41'),
(168, 1, -5, 'Просроченный вызов', '2025-07-13 17:36:40'),
(169, 1, -5, 'Просроченный вызов', '2025-07-13 17:38:37'),
(170, 1, -5, 'Просроченный вызов', '2025-07-13 17:40:35'),
(171, 1, -5, 'Просроченный вызов', '2025-07-13 17:41:45'),
(172, 1, -5, 'Просроченный вызов', '2025-07-13 17:48:58'),
(173, 1, -5, 'Просроченный вызов', '2025-07-13 17:55:23'),
(174, 1, -5, 'Просроченный вызов', '2025-07-13 17:57:23'),
(175, 1, -5, 'Просроченный вызов', '2025-07-13 17:57:23'),
(176, 1, -5, 'Просроченный вызов', '2025-07-13 17:58:24'),
(177, 1, -5, 'Просроченный вызов', '2025-07-13 17:59:24'),
(178, 1, -5, 'Просроченный вызов', '2025-07-13 18:01:24'),
(179, 1, -5, 'Просроченный вызов', '2025-07-13 18:02:24'),
(180, 1, -5, 'Просроченный вызов', '2025-07-13 18:02:24'),
(181, 1, -5, 'Просроченный вызов', '2025-07-13 18:03:24'),
(182, 1, -5, 'Просроченный вызов', '2025-07-13 18:04:24'),
(183, 1, -5, 'Просроченный вызов', '2025-07-13 18:04:24'),
(184, 1, -5, 'Просроченный вызов', '2025-07-13 18:04:24'),
(185, 1, -5, 'Просроченный вызов', '2025-07-13 18:05:06'),
(186, 1, -5, 'Просроченный вызов', '2025-07-13 18:06:26'),
(187, 1, -5, 'Просроченный вызов', '2025-07-13 18:08:28'),
(188, 7, -5, 'Просроченный вызов', '2025-07-13 18:44:28'),
(189, 7, -5, 'Просроченный вызов', '2025-07-13 18:45:28'),
(190, 7, -5, 'Просроченный вызов', '2025-07-13 18:50:52'),
(191, 7, -5, 'Просроченный вызов', '2025-07-13 18:51:51'),
(192, 1, -5, 'Просроченный вызов', '2025-07-13 19:26:41'),
(193, 1, -5, 'Просроченный вызов', '2025-07-13 19:26:52'),
(194, 1, -5, 'Просроченный вызов', '2025-07-13 19:26:56'),
(195, 1, -5, 'Просроченный вызов', '2025-07-13 19:27:16'),
(196, 1, -5, 'Просроченный вызов', '2025-07-13 19:28:11'),
(197, 1, -5, 'Просроченный вызов', '2025-07-13 19:28:22'),
(198, 1, -5, 'Просроченный вызов', '2025-07-13 19:28:42'),
(199, 1, -5, 'Просроченный вызов', '2025-07-13 19:30:04'),
(200, 1, -5, 'Просроченный вызов', '2025-07-13 19:30:21'),
(201, 1, -5, 'Просроченный вызов', '2025-07-13 19:30:32'),
(202, 1, -5, 'Просроченный вызов', '2025-07-13 19:30:42'),
(203, 1, -5, 'Просроченный вызов', '2025-07-13 19:30:46'),
(204, 1, -5, 'Просроченный вызов', '2025-07-13 19:30:47'),
(205, 5, -5, 'Просроченный вызов', '2025-07-13 19:38:19'),
(206, 5, -5, 'Просроченный вызов', '2025-07-13 19:38:21'),
(207, 1, -5, 'Просроченный вызов', '2025-07-13 19:40:56'),
(208, 1, -5, 'Просроченный вызов', '2025-07-13 19:41:05'),
(209, 1, -5, 'Просроченный вызов', '2025-07-13 20:24:53'),
(210, 1, -5, 'Просроченный вызов', '2025-07-13 20:24:53'),
(211, 1, -5, 'Просроченный вызов', '2025-07-13 20:24:53'),
(212, 1, -5, 'Просроченный вызов', '2025-07-13 20:46:24'),
(213, 1, -5, 'Просроченный вызов', '2025-07-13 20:47:24'),
(214, 1, -5, 'Просроченный вызов', '2025-07-13 20:49:24'),
(215, 1, -5, 'Просроченный вызов', '2025-07-13 20:50:04'),
(216, 1, -5, 'Просроченный вызов', '2025-07-13 20:50:47'),
(217, 5, -5, 'Просроченный вызов', '2025-07-13 20:51:42'),
(218, 1, -5, 'Просроченный вызов', '2025-07-13 20:53:07'),
(219, 1, -5, 'Просроченный вызов', '2025-07-13 20:53:07'),
(220, 1, -5, 'Просроченный вызов', '2025-07-13 20:53:47'),
(221, 1, -5, 'Просроченный вызов', '2025-07-13 20:55:12'),
(222, 1, -5, 'Просроченный вызов', '2025-07-13 20:55:46'),
(223, 1, -5, 'Просроченный вызов', '2025-07-13 21:01:58'),
(224, 1, -5, 'Просроченный вызов', '2025-07-13 21:01:58'),
(225, 5, -5, 'Просроченный вызов', '2025-07-13 21:04:20'),
(226, 1, -5, 'Просроченный вызов', '2025-07-13 21:55:33'),
(227, 1, -5, 'Просроченный вызов', '2025-07-13 21:56:50'),
(228, 1, -5, 'Просроченный вызов', '2025-07-13 21:57:50'),
(229, 1, -5, 'Просроченный вызов', '2025-07-13 22:23:11'),
(230, 1, -5, 'Просроченный вызов', '2025-07-13 23:18:32'),
(231, 5, -5, 'Просроченный вызов', '2025-07-13 23:34:29'),
(232, 5, -5, 'Просроченный вызов', '2025-07-13 23:42:29'),
(233, 5, -5, 'Просроченный вызов', '2025-07-13 23:56:56'),
(234, 1, -5, 'Просроченный вызов', '2025-07-14 08:23:18'),
(235, 1, -5, 'Просроченный вызов', '2025-07-14 08:33:44'),
(236, 1, -5, 'Просроченный вызов', '2025-07-14 08:53:11'),
(237, 1, -5, 'Просроченный вызов', '2025-07-14 09:02:11'),
(238, 1, -5, 'Просроченный вызов', '2025-07-14 09:03:11'),
(239, 1, -5, 'Просроченный вызов', '2025-07-14 09:04:11'),
(240, 1, -5, 'Просроченный вызов', '2025-07-14 09:05:11'),
(241, 1, -5, 'Просроченный вызов', '2025-07-14 09:06:11'),
(242, 1, -5, 'Просроченный вызов', '2025-07-14 09:07:14'),
(243, 1, -5, 'Просроченный вызов', '2025-07-14 09:08:18'),
(244, 1, -5, 'Просроченный вызов', '2025-07-14 09:09:11'),
(245, 1, -5, 'Просроченный вызов', '2025-07-14 09:10:11'),
(246, 1, -5, 'Просроченный вызов', '2025-07-14 09:12:11'),
(247, 1, -5, 'Просроченный вызов', '2025-07-14 10:01:52'),
(248, 1, -5, 'Просроченный вызов', '2025-07-14 10:17:22'),
(249, 1, -5, 'Просроченный вызов', '2025-07-14 10:26:09'),
(250, 1, -5, 'Просроченный вызов', '2025-07-14 10:26:26'),
(251, 1, -5, 'Просроченный вызов', '2025-07-14 10:26:31'),
(252, 1, -5, 'Просроченный вызов', '2025-07-14 10:42:32'),
(253, 1, -5, 'Просроченный вызов', '2025-07-14 11:24:04'),
(254, 1, -5, 'Просроченный вызов', '2025-07-14 12:03:44'),
(255, 1, -5, 'Просроченный вызов', '2025-07-14 12:05:26'),
(256, 1, -5, 'Просроченный вызов', '2025-07-14 12:07:08'),
(257, 1, -5, 'Просроченный вызов', '2025-07-14 12:07:29'),
(258, 1, -5, 'Просроченный вызов', '2025-07-14 12:07:49'),
(259, 1, -5, 'Просроченный вызов', '2025-07-14 12:22:43'),
(260, 1, -5, 'Просроченный вызов', '2025-07-14 12:34:56'),
(261, 1, -5, 'Просроченный вызов', '2025-07-14 13:07:20'),
(262, 1, -5, 'Просроченный вызов', '2025-07-14 13:08:20'),
(263, 1, -5, 'Просроченный вызов', '2025-07-14 13:10:12'),
(264, 1, -5, 'Просроченный вызов', '2025-07-14 13:11:12'),
(265, 1, -5, 'Просроченный вызов', '2025-07-14 13:12:12'),
(266, 5, -5, 'Просроченный вызов', '2025-07-14 13:39:04'),
(267, 1, -5, 'Просроченный вызов', '2025-07-14 13:57:28'),
(268, 1, -5, 'Просроченный вызов', '2025-07-14 14:10:22'),
(269, 1, -5, 'Просроченный вызов', '2025-07-14 14:40:12'),
(270, 1, -5, 'Просроченный вызов', '2025-07-14 16:29:15'),
(271, 1, -5, 'Просроченный вызов', '2025-07-14 16:29:53'),
(272, 5, -5, 'Просроченный вызов', '2025-07-14 16:39:27'),
(273, 5, -5, 'Просроченный вызов', '2025-07-14 17:53:04'),
(274, 1, -5, 'Просроченный вызов', '2025-07-14 18:37:12'),
(275, 5, -5, 'Просроченный вызов', '2025-07-14 18:43:58'),
(276, 7, -5, 'Просроченный вызов', '2025-07-14 19:00:12'),
(277, 7, -5, 'Просроченный вызов', '2025-07-14 19:01:06'),
(278, 7, -5, 'Просроченный вызов', '2025-07-14 19:02:06'),
(279, 7, -5, 'Просроченный вызов', '2025-07-14 19:03:06'),
(280, 7, -5, 'Просроченный вызов', '2025-07-14 19:09:45'),
(281, 1, -5, 'Просроченный вызов', '2025-07-14 19:09:58'),
(282, 1, -5, 'Просроченный вызов', '2025-07-14 19:09:58'),
(283, 1, -5, 'Просроченный вызов', '2025-07-14 19:16:11'),
(284, 1, -5, 'Просроченный вызов', '2025-07-14 19:17:53'),
(285, 7, -5, 'Просроченный вызов', '2025-07-14 19:18:42'),
(286, 1, -5, 'Просроченный вызов', '2025-07-14 19:20:09'),
(287, 1, -5, 'Просроченный вызов', '2025-07-14 19:20:09'),
(288, 1, -5, 'Просроченный вызов', '2025-07-14 19:20:43'),
(289, 5, -5, 'Просроченный вызов', '2025-07-14 19:24:52'),
(290, 5, -5, 'Просроченный вызов', '2025-07-14 20:06:06'),
(291, 1, -5, 'Просроченный вызов', '2025-07-15 13:08:09'),
(292, 1, -5, 'Просроченный вызов', '2025-07-15 13:08:09'),
(293, 5, -5, 'Просроченный вызов', '2025-07-15 13:36:32'),
(294, 5, -5, 'Просроченный вызов', '2025-07-15 19:31:46'),
(295, 1, -5, 'Просроченный вызов', '2025-07-15 21:22:58'),
(296, 1, -5, 'Просроченный вызов', '2025-07-15 21:23:46'),
(297, 1, -5, 'Просроченный вызов', '2025-07-15 21:24:57'),
(298, 1, -5, 'Просроченный вызов', '2025-07-15 21:26:47'),
(299, 5, -5, 'Просроченный вызов', '2025-07-15 21:47:59'),
(300, 5, -5, 'Просроченный вызов', '2025-07-15 21:47:59'),
(301, 1, -5, 'Просроченный вызов', '2025-07-15 21:58:15'),
(302, 1, -5, 'Просроченный вызов', '2025-07-15 22:01:27'),
(303, 5, -5, 'Просроченный вызов', '2025-07-15 22:04:24'),
(304, 1, -5, 'Просроченный вызов', '2025-07-15 22:17:42'),
(305, 1, -5, 'Просроченный вызов', '2025-07-15 22:24:09');

-- --------------------------------------------------------

--
-- Структура таблицы `users`
--

CREATE TABLE `users` (
  `id` int NOT NULL,
  `username` varchar(50) CHARACTER SET utf8mb4 COLLATE utf8mb4_0900_ai_ci NOT NULL,
  `password` varchar(255) CHARACTER SET utf8mb4 COLLATE utf8mb4_0900_ai_ci NOT NULL,
  `is_admin` tinyint(1) DEFAULT '0',
  `last_login` datetime NOT NULL DEFAULT CURRENT_TIMESTAMP
) ENGINE=InnoDB DEFAULT CHARSET=utf8mb4 COLLATE=utf8mb4_0900_ai_ci;

--
-- Дамп данных таблицы `users`
--

INSERT INTO `users` (`id`, `username`, `password`, `is_admin`, `last_login`) VALUES
(1, 'Lis', '$2y$10$tRybZo6KxUPg0YJxJtTu9e.Enjzz4ORqezWRjF2jC/tKp0nvPLpfe', 1, '2025-07-15 19:50:43'),
(2, 'MEGA-GIGA-ZXC-NAGIBATOR', '$2y$10$Q3rbIBeJ9d5o5KRawNKNc.VFXTHZJGE14z0Vibzplzs8rgm1Oq3KC', 0, '2025-07-12 00:06:53'),
(3, 'lis1', '$2y$10$5YaQ89phLuM3RaAHDYY7B.LfXcXBKM0vw/zuxmT2pXiqZZ6Qw2Sum', 0, '2025-07-12 00:49:37'),
(5, 'dudkaggg', '$2y$10$Nh.3EenRZX1CC93iArczVe7HqsJS7s146xm3zlSTj3Gg0dzf9s9ym', 1, '2025-07-15 22:24:00'),
(7, '123', '$2y$10$CfswRhy9JGBTEr8YjjPFi.zcU9oYGxVBub8IH2JW/jAlrvYjgni3K', 1, '2025-07-15 19:19:20'),
(8, '--', '$2y$10$Y.uQYcBqqrJhochGR11enO.A2Z5IuyJVV.aocNHOE8hu0M.7V409G', 0, '2025-07-12 10:42:33'),
(9, 'УДАЛИТЕ МЕНЯ', '$2y$10$.zoAgvR0DDpLP4DMBRX9BOPZhq2lfhQwaMUFrdSDv/wK.7W7GOFo6', 0, '2025-07-13 03:11:20'),
(10, 'dudkaPhone', '$2y$10$p5qgaB4PGM1Gy39y4i3n7OZ35sbuJJZ4QLF5QKIPrnBvEwj9cAE.6', 0, '2025-07-13 15:09:50');

-- --------------------------------------------------------

--
-- Структура таблицы `user_status`
--

CREATE TABLE `user_status` (
  `user_id` int NOT NULL,
  `status_text` varchar(255) DEFAULT '',
  `last_online` datetime DEFAULT CURRENT_TIMESTAMP
) ENGINE=InnoDB DEFAULT CHARSET=utf8mb4 COLLATE=utf8mb4_0900_ai_ci;

--
-- Дамп данных таблицы `user_status`
--

INSERT INTO `user_status` (`user_id`, `status_text`, `last_online`) VALUES
(1, '1', '2025-07-16 01:33:06'),
(5, 'я бля пиздец', '2025-07-16 01:15:24'),
(7, '', '2025-07-15 19:19:49');

--
-- Индексы сохранённых таблиц
--

--
-- Индексы таблицы `balance_history`
--
ALTER TABLE `balance_history`
  ADD PRIMARY KEY (`id`),
  ADD KEY `user_id` (`user_id`);

--
-- Индексы таблицы `chat_messages`
--
ALTER TABLE `chat_messages`
  ADD PRIMARY KEY (`id`),
  ADD KEY `user_id` (`user_id`);

--
-- Индексы таблицы `player_data`
--
ALTER TABLE `player_data`
  ADD PRIMARY KEY (`user_id`);

--
-- Индексы таблицы `rating_history`
--
ALTER TABLE `rating_history`
  ADD PRIMARY KEY (`id`),
  ADD KEY `user_id` (`user_id`);

--
-- Индексы таблицы `users`
--
ALTER TABLE `users`
  ADD PRIMARY KEY (`id`),
  ADD UNIQUE KEY `username` (`username`);

--
-- Индексы таблицы `user_status`
--
ALTER TABLE `user_status`
  ADD PRIMARY KEY (`user_id`);

--
-- AUTO_INCREMENT для сохранённых таблиц
--

--
-- AUTO_INCREMENT для таблицы `balance_history`
--
ALTER TABLE `balance_history`
  MODIFY `id` int NOT NULL AUTO_INCREMENT, AUTO_INCREMENT=896;

--
-- AUTO_INCREMENT для таблицы `chat_messages`
--
ALTER TABLE `chat_messages`
  MODIFY `id` int NOT NULL AUTO_INCREMENT, AUTO_INCREMENT=11;

--
-- AUTO_INCREMENT для таблицы `rating_history`
--
ALTER TABLE `rating_history`
  MODIFY `id` int NOT NULL AUTO_INCREMENT, AUTO_INCREMENT=306;

--
-- AUTO_INCREMENT для таблицы `users`
--
ALTER TABLE `users`
  MODIFY `id` int NOT NULL AUTO_INCREMENT, AUTO_INCREMENT=11;

--
-- Ограничения внешнего ключа сохраненных таблиц
--

--
-- Ограничения внешнего ключа таблицы `balance_history`
--
ALTER TABLE `balance_history`
  ADD CONSTRAINT `balance_history_ibfk_1` FOREIGN KEY (`user_id`) REFERENCES `users` (`id`) ON DELETE CASCADE;

--
-- Ограничения внешнего ключа таблицы `chat_messages`
--
ALTER TABLE `chat_messages`
  ADD CONSTRAINT `chat_messages_ibfk_1` FOREIGN KEY (`user_id`) REFERENCES `users` (`id`) ON DELETE CASCADE;

--
-- Ограничения внешнего ключа таблицы `player_data`
--
ALTER TABLE `player_data`
  ADD CONSTRAINT `player_data_ibfk_1` FOREIGN KEY (`user_id`) REFERENCES `users` (`id`) ON DELETE CASCADE;

--
-- Ограничения внешнего ключа таблицы `rating_history`
--
ALTER TABLE `rating_history`
  ADD CONSTRAINT `rating_history_ibfk_1` FOREIGN KEY (`user_id`) REFERENCES `users` (`id`) ON DELETE CASCADE;

--
-- Ограничения внешнего ключа таблицы `user_status`
--
ALTER TABLE `user_status`
  ADD CONSTRAINT `user_status_ibfk_1` FOREIGN KEY (`user_id`) REFERENCES `users` (`id`) ON DELETE CASCADE;
COMMIT;

/*!40101 SET CHARACTER_SET_CLIENT=@OLD_CHARACTER_SET_CLIENT */;
/*!40101 SET CHARACTER_SET_RESULTS=@OLD_CHARACTER_SET_RESULTS */;
/*!40101 SET COLLATION_CONNECTION=@OLD_COLLATION_CONNECTION */;
